time,date,open,high,low,close,volume,trade_count
00:00:00+00:00,2023-08-18,8.555e-06,8.71e-06,8.25e-06,8.58e-06,0.0,0.0
00:00:00+00:00,2023-08-19,8.59e-06,8.68e-06,8.31e-06,8.445e-06,0.0,0.0
00:00:00+00:00,2023-08-20,8.44e-06,8.48e-06,8.14e-06,8.31e-06,0.0,0.0
00:00:00+00:00,2023-08-21,8.31e-06,8.38e-06,7.76e-06,7.965e-06,0.0,0.0
00:00:00+00:00,2023-08-22,7.97e-06,8.07e-06,7.59e-06,7.99e-06,0.0,0.0
00:00:00+00:00,2023-08-23,7.99e-06,8.54e-06,7.965e-06,8.31e-06,0.0,0.0
00:00:00+00:00,2023-08-24,8.315e-06,8.36e-06,8.03e-06,8.215e-06,0.0,0.0
00:00:00+00:00,2023-08-25,8.2e-06,8.25e-06,7.98e-06,8.14e-06,0.0,0.0
00:00:00+00:00,2023-08-26,8.14e-06,8.24e-06,8.07e-06,8.08e-06,0.0,0.0
00:00:00+00:00,2023-08-27,8.08e-06,8.175e-06,8.01e-06,8.04e-06,0.0,0.0
00:00:00+00:00,2023-08-28,8.04e-06,8.335e-06,7.86e-06,8.23e-06,0.0,0.0
00:00:00+00:00,2023-08-29,8.22e-06,8.45e-06,8.04e-06,8.365e-06,0.0,0.0
00:00:00+00:00,2023-08-30,8.36e-06,8.38e-06,8.07e-06,8.16e-06,0.0,0.0
00:00:00+00:00,2023-08-31,8.16e-06,8.245e-06,7.78e-06,7.98e-06,0.0,0.0
00:00:00+00:00,2023-09-01,7.985e-06,8.05e-06,7.725e-06,7.9e-06,0.0,0.0
00:00:00+00:00,2023-09-02,7.89e-06,7.94e-06,7.765e-06,7.835e-06,0.0,0.0
00:00:00+00:00,2023-09-03,7.83e-06,7.87e-06,7.635e-06,7.69e-06,0.0,0.0
00:00:00+00:00,2023-09-04,7.69e-06,7.79e-06,7.385e-06,7.495e-06,0.0,0.0
00:00:00+00:00,2023-09-05,7.485e-06,7.71e-06,7.425e-06,7.64e-06,0.0,0.0
00:00:00+00:00,2023-09-06,7.645e-06,7.79e-06,7.495e-06,7.68e-06,0.0,0.0
00:00:00+00:00,2023-09-07,7.68e-06,7.71e-06,7.55e-06,7.68e-06,0.0,0.0
00:00:00+00:00,2023-09-08,7.68e-06,7.71e-06,7.485e-06,7.59e-06,0.0,0.0
00:00:00+00:00,2023-09-09,7.6e-06,7.65e-06,7.55e-06,7.56e-06,0.0,0.0
00:00:00+00:00,2023-09-10,7.56e-06,7.56e-06,7.205e-06,7.355e-06,0.0,0.0
00:00:00+00:00,2023-09-11,7.365e-06,7.39e-06,6.945e-06,7.055e-06,0.0,0.0
00:00:00+00:00,2023-09-12,7.055e-06,7.37e-06,7.045e-06,7.165e-06,0.0,0.0
00:00:00+00:00,2023-09-13,7.165e-06,7.365e-06,7.14e-06,7.26e-06,0.0,0.0
00:00:00+00:00,2023-09-14,7.265e-06,7.45e-06,7.21e-06,7.365e-06,0.0,0.0
00:00:00+00:00,2023-09-15,7.365e-06,7.485e-06,7.31e-06,7.445e-06,0.0,0.0
00:00:00+00:00,2023-09-16,7.445e-06,7.57e-06,7.33e-06,7.395e-06,0.0,0.0
00:00:00+00:00,2023-09-17,7.395e-06,7.4e-06,7.095e-06,7.215e-06,0.0,0.0
00:00:00+00:00,2023-09-18,7.215e-06,7.415e-06,7.14e-06,7.255e-06,0.0,0.0
00:00:00+00:00,2023-09-19,7.255e-06,7.435e-06,7.215e-06,7.41e-06,0.0,0.0
00:00:00+00:00,2023-09-20,7.41e-06,7.49e-06,7.27e-06,7.45e-06,0.0,0.0
00:00:00+00:00,2023-09-21,7.44e-06,7.54e-06,7.215e-06,7.24e-06,0.0,0.0
00:00:00+00:00,2023-09-22,7.24e-06,7.32e-06,7.155e-06,7.29e-06,0.0,0.0
00:00:00+00:00,2023-09-23,7.295e-06,7.705e-06,7.295e-06,7.51e-06,0.0,0.0
00:00:00+00:00,2023-09-24,7.51e-06,7.51e-06,7.26e-06,7.305e-06,0.0,0.0
00:00:00+00:00,2023-09-25,7.31e-06,7.39e-06,7.17e-06,7.28e-06,0.0,0.0
00:00:00+00:00,2023-09-26,7.285e-06,7.335e-06,7.175e-06,7.255e-06,0.0,0.0
00:00:00+00:00,2023-09-27,7.255e-06,7.31e-06,7.135e-06,7.215e-06,0.0,0.0
00:00:00+00:00,2023-09-28,7.215e-06,7.335e-06,7.205e-06,7.305e-06,0.0,0.0
00:00:00+00:00,2023-09-29,7.305e-06,7.43e-06,7.27e-06,7.315e-06,0.0,0.0
00:00:00+00:00,2023-09-30,7.315e-06,7.4e-06,7.3e-06,7.34e-06,0.0,0.0
00:00:00+00:00,2023-10-01,7.335e-06,7.58e-06,7.335e-06,7.515e-06,0.0,0.0
00:00:00+00:00,2023-10-02,7.525e-06,7.61e-06,7.19e-06,7.315e-06,0.0,0.0
00:00:00+00:00,2023-10-03,7.32e-06,7.34e-06,7.215e-06,7.285e-06,0.0,0.0
00:00:00+00:00,2023-10-04,7.275e-06,7.28e-06,7.055e-06,7.24e-06,0.0,0.0
00:00:00+00:00,2023-10-05,7.24e-06,7.28e-06,7.125e-06,7.135e-06,0.0,0.0
00:00:00+00:00,2023-10-06,7.135e-06,7.255e-06,7.13e-06,7.235e-06,0.0,0.0
00:00:00+00:00,2023-10-07,7.24e-06,7.265e-06,7.185e-06,7.235e-06,0.0,0.0
00:00:00+00:00,2023-10-08,7.24e-06,7.295e-06,7.175e-06,7.2e-06,0.0,0.0
00:00:00+00:00,2023-10-09,7.195e-06,7.21e-06,6.73e-06,6.92e-06,0.0,0.0
00:00:00+00:00,2023-10-10,6.915e-06,6.985e-06,6.815e-06,6.905e-06,0.0,0.0
00:00:00+00:00,2023-10-11,6.905e-06,6.95e-06,6.705e-06,6.775e-06,0.0,0.0
00:00:00+00:00,2023-10-12,6.785e-06,6.895e-06,6.725e-06,6.785e-06,0.0,0.0
00:00:00+00:00,2023-10-13,6.795e-06,7e-06,6.765e-06,6.915e-06,0.0,0.0
00:00:00+00:00,2023-10-14,6.91e-06,7.145e-06,6.895e-06,7.025e-06,0.0,0.0
00:00:00+00:00,2023-10-15,7.025e-06,7.07e-06,6.935e-06,6.98e-06,0.0,0.0
00:00:00+00:00,2023-10-16,6.985e-06,7.29e-06,6.955e-06,7.1e-06,0.0,0.0
00:00:00+00:00,2023-10-17,7.1e-06,7.13e-06,6.83e-06,6.895e-06,0.0,0.0
00:00:00+00:00,2023-10-18,6.885e-06,6.965e-06,6.705e-06,6.765e-06,0.0,0.0
00:00:00+00:00,2023-10-19,6.765e-06,6.87e-06,6.62e-06,6.845e-06,0.0,0.0
00:00:00+00:00,2023-10-20,6.835e-06,7.04e-06,6.825e-06,6.91e-06,0.0,0.0
00:00:00+00:00,2023-10-21,6.915e-06,7.18e-06,6.88e-06,7.065e-06,0.0,0.0
00:00:00+00:00,2023-10-22,7.07e-06,7.14e-06,6.925e-06,7.135e-06,0.0,0.0
00:00:00+00:00,2023-10-23,7.135e-06,7.52e-06,7.09e-06,7.505e-06,0.0,0.0
00:00:00+00:00,2023-10-24,7.515e-06,7.75e-06,7.235e-06,7.39e-06,0.0,0.0
00:00:00+00:00,2023-10-25,7.39e-06,7.97e-06,7.27e-06,7.8e-06,0.0,0.0
00:00:00+00:00,2023-10-26,7.805e-06,8.24e-06,7.585e-06,7.905e-06,0.0,0.0
00:00:00+00:00,2023-10-27,7.91e-06,7.97e-06,7.57e-06,7.695e-06,0.0,0.0
00:00:00+00:00,2023-10-28,7.695e-06,8.12e-06,7.66e-06,7.96e-06,0.0,0.0
00:00:00+00:00,2023-10-29,7.955e-06,8.12e-06,7.73e-06,8.015e-06,0.0,0.0
00:00:00+00:00,2023-10-30,8.02e-06,8.065e-06,7.815e-06,7.97e-06,0.0,0.0
00:00:00+00:00,2023-10-31,7.965e-06,8.04e-06,7.525e-06,7.785e-06,0.0,0.0
00:00:00+00:00,2023-11-01,7.78e-06,7.98e-06,7.56e-06,7.97e-06,0.0,0.0
00:00:00+00:00,2023-11-02,7.98e-06,8.08e-06,7.665e-06,7.855e-06,0.0,0.0
00:00:00+00:00,2023-11-03,7.855e-06,7.86e-06,7.62e-06,7.82e-06,0.0,0.0
00:00:00+00:00,2023-11-04,7.815e-06,7.97e-06,7.78e-06,7.95e-06,0.0,0.0
00:00:00+00:00,2023-11-05,7.95e-06,8.31e-06,7.9e-06,8.12e-06,0.0,0.0
00:00:00+00:00,2023-11-06,8.12e-06,8.51e-06,8.005e-06,8.47e-06,0.0,0.0
00:00:00+00:00,2023-11-07,8.46e-06,8.47e-06,7.95e-06,8.19e-06,0.0,0.0
00:00:00+00:00,2023-11-08,8.19e-06,8.34e-06,8.14e-06,8.275e-06,0.0,0.0
00:00:00+00:00,2023-11-09,8.27e-06,8.71e-06,7.685e-06,8.23e-06,0.0,0.0
00:00:00+00:00,2023-11-10,8.23e-06,8.56e-06,8.09e-06,8.495e-06,0.0,0.0
00:00:00+00:00,2023-11-11,8.495e-06,9.645e-06,8.46e-06,9.085e-06,0.0,0.0
00:00:00+00:00,2023-11-12,9.08e-06,9.15e-06,8.65e-06,8.91e-06,0.0,0.0
00:00:00+00:00,2023-11-13,8.91e-06,9.18e-06,8.44e-06,8.535e-06,0.0,0.0
00:00:00+00:00,2023-11-14,8.53e-06,8.69e-06,8e-06,8.34e-06,0.0,0.0
00:00:00+00:00,2023-11-15,8.335e-06,8.84e-06,8.32e-06,8.8e-06,0.0,0.0
00:00:00+00:00,2023-11-16,8.81e-06,9.19e-06,8.29e-06,8.49e-06,0.0,0.0
00:00:00+00:00,2023-11-17,8.5e-06,9.15e-06,8.405e-06,8.82e-06,0.0,0.0
00:00:00+00:00,2023-11-18,8.815e-06,8.91e-06,8.4e-06,8.55e-06,0.0,0.0
00:00:00+00:00,2023-11-19,8.555e-06,8.71e-06,8.36e-06,8.68e-06,0.0,0.0
00:00:00+00:00,2023-11-20,8.69e-06,8.72e-06,8.365e-06,8.44e-06,0.0,0.0
00:00:00+00:00,2023-11-21,8.44e-06,8.52e-06,7.625e-06,7.735e-06,0.0,0.0
00:00:00+00:00,2023-11-22,7.73e-06,8.18e-06,7.705e-06,8.1e-06,0.0,0.0
00:00:00+00:00,2023-11-23,8.095e-06,8.19e-06,8.01e-06,8.12e-06,0.0,0.0
00:00:00+00:00,2023-11-24,8.11e-06,8.3e-06,8.09e-06,8.19e-06,0.0,0.0
00:00:00+00:00,2023-11-25,8.2e-06,8.59e-06,8.16e-06,8.48e-06,0.0,0.0
00:00:00+00:00,2023-11-26,8.48e-06,8.48e-06,8.06e-06,8.3e-06,0.0,0.0
00:00:00+00:00,2023-11-27,8.3e-06,8.66e-06,8.02e-06,8.19e-06,0.0,0.0
00:00:00+00:00,2023-11-28,8.2e-06,8.34e-06,8.03e-06,8.31e-06,0.0,0.0
00:00:00+00:00,2023-11-29,8.31e-06,8.39e-06,8.16e-06,8.215e-06,10322580.64518828,39.0
00:00:00+00:00,2023-11-30,8.21e-06,8.3e-06,8.12e-06,8.295e-06,1075268.8172043,4.0
00:00:00+00:00,2023-12-01,8.29e-06,8.41e-06,8.25e-06,8.37e-06,15933036.246584626,99.0
00:00:00+00:00,2023-12-02,8.37e-06,8.57e-06,8.35e-06,8.53e-06,4367992.250036274,6.0
00:00:00+00:00,2023-12-03,8.53e-06,9.49e-06,8.36e-06,9.025e-06,7763913.336916272,8.0
00:00:00+00:00,2023-12-04,9.02e-06,9.64e-06,8.68e-06,9.2e-06,954508.997911678,4.0
00:00:00+00:00,2023-12-05,9.21e-06,9.58e-06,8.88e-06,9.49e-06,983253.598323058,4.0
00:00:00+00:00,2023-12-06,9.48e-06,1.0675e-05,9.315e-06,9.715e-06,1534720.351981746,6.0
00:00:00+00:00,2023-12-07,9.72e-06,9.88e-06,9.37e-06,9.785e-06,3410721.14343302,13.0
00:00:00+00:00,2023-12-08,9.785e-06,1.0435e-05,9.75e-06,1.02e-05,1920024.417724866,8.0
00:00:00+00:00,2023-12-09,1.021e-05,1.045e-05,9.9e-06,1.0005e-05,1213250.74326614,5.0
00:00:00+00:00,2023-12-10,1.001e-05,1.0395e-05,9.9e-06,1.0335e-05,244060.060124507,1.0
00:00:00+00:00,2023-12-11,1.032e-05,1.0595e-05,9.14e-06,9.51e-06,485649.073155268,2.0
00:00:00+00:00,2023-12-12,9.5e-06,9.76e-06,9.29e-06,9.58e-06,3051973.552191264,12.0
00:00:00+00:00,2023-12-13,9.58e-06,9.865e-06,9.14e-06,9.81e-06,256317.893218004,1.0
00:00:00+00:00,2023-12-14,9.815e-06,1.02e-05,9.615e-06,1.0095e-05,504971.881428789,2.0
00:00:00+00:00,2023-12-15,1.009e-05,1.0105e-05,9.57e-06,9.6e-06,248704.995471536,1.0
00:00:00+00:00,2023-12-16,9.595e-06,1.1705e-05,9.46e-06,1.1585e-05,746047.027152832,3.0
00:00:00+00:00,2023-12-17,1.1575e-05,1.1925e-05,1.022e-05,1.0285e-05,1426277.150983386,6.0
00:00:00+00:00,2023-12-18,1.0295e-05,1.049e-05,9.545e-06,1.0435e-05,695277.257617378,3.0
00:00:00+00:00,2023-12-19,1.043e-05,1.0585e-05,9.99e-06,1.011e-05,231722.564319006,1.0
00:00:00+00:00,2023-12-20,1.011e-05,1.0505e-05,9.945e-06,1.024e-05,229405.338675816,1.0
00:00:00+00:00,2023-12-21,1.023e-05,1.0555e-05,1.013e-05,1.044e-05,465698.458086082,2.0
00:00:00+00:00,2023-12-22,1.0445e-05,1.0955e-05,1.0315e-05,1.091e-05,470314.608106547,2.0
00:00:00+00:00,2023-12-23,1.0915e-05,1.1275e-05,1.052e-05,1.1075e-05,470255.936359186,2.0
00:00:00+00:00,2023-12-24,1.1075e-05,1.1105e-05,1.0455e-05,1.066e-05,465524.192179624,2.0
00:00:00+00:00,2023-12-25,1.0655e-05,1.1055e-05,1.055e-05,1.1015e-05,236250.560211785,1.0
00:00:00+00:00,2023-12-26,1.1015e-05,1.103e-05,9.985e-06,1.0595e-05,479594.425516304,2.0
00:00:00+00:00,2023-12-27,1.0595e-05,1.0935e-05,1.0275e-05,1.0905e-05,0.0,0.0
00:00:00+00:00,2023-12-28,1.091e-05,1.1055e-05,1.0445e-05,1.0625e-05,489214.898034239,2.0
00:00:00+00:00,2023-12-29,1.061e-05,1.0725e-05,1.025e-05,1.042e-05,248273.442424973,1.0
00:00:00+00:00,2023-12-30,1.0415e-05,1.06e-05,1.0355e-05,1.0425e-05,0.0,0.0
00:00:00+00:00,2023-12-31,1.0435e-05,1.06e-05,1.024e-05,1.035e-05,498992.440326194,2.0
00:00:00+00:00,2024-01-01,1.035e-05,1.071e-05,1.021e-05,1.0685e-05,245760.045609901,1.0
00:00:00+00:00,2024-01-02,1.0685e-05,1.0925e-05,1.0455e-05,1.0555e-05,0.0,0.0
00:00:00+00:00,2024-01-03,1.0565e-05,1.0665e-05,8.37e-06,9.57e-06,1266064.813881358,5.0
00:00:00+00:00,2024-01-04,9.57e-06,1.015e-05,9.425e-06,1e-05,519072.592180819,2.0
00:00:00+00:00,2024-01-05,1e-05,1.0095e-05,9.42e-06,9.83e-06,255649.772661518,1.0
00:00:00+00:00,2024-01-06,9.83e-06,9.835e-06,9.33e-06,9.615e-06,751712.335884154,3.0
00:00:00+00:00,2024-01-07,9.61e-06,9.69e-06,8.94e-06,9.025e-06,493601.925264093,2.0
00:00:00+00:00,2024-01-08,9.035e-06,9.6e-06,8.5e-06,9.59e-06,250499.83078057,1.0
00:00:00+00:00,2024-01-09,9.59e-06,1.001e-05,9.035e-06,9.665e-06,751431.0426367,3.0
00:00:00+00:00,2024-01-10,9.665e-06,1.0165e-05,9.12e-06,9.975e-06,493417.217787737,2.0
00:00:00+00:00,2024-01-11,9.985e-06,1.052e-05,9.855e-06,1.0155e-05,250406.092913672,1.0
00:00:00+00:00,2024-01-12,1.0145e-05,1.0383e-05,9.31e-06,9.635e-06,508330.503720535,2.0
00:00:00+00:00,2024-01-13,9.63e-06,1.006e-05,9.42e-06,9.88e-06,513374.319015086,2.0
00:00:00+00:00,2024-01-14,9.87e-06,1.005e-05,9.52e-06,9.565e-06,0.0,0.0
00:00:00+00:00,2024-01-15,9.565e-06,9.76e-06,9.48e-06,9.535e-06,252843.301541048,1.0
00:00:00+00:00,2024-01-16,9.54e-06,9.74e-06,9.42e-06,9.66e-06,0.0,0.0
00:00:00+00:00,2024-01-17,9.665e-06,9.72e-06,9.37e-06,9.515e-06,0.0,0.0
00:00:00+00:00,2024-01-18,9.51e-06,9.555e-06,8.95e-06,9.205e-06,513278.096947242,2.0
00:00:00+00:00,2024-01-19,9.2e-06,9.39e-06,8.78e-06,9.29e-06,0.0,0.0
00:00:00+00:00,2024-01-20,9.3e-06,9.845e-06,9.26e-06,9.675e-06,773667.575134425,3.0
00:00:00+00:00,2024-01-21,9.67e-06,9.73e-06,9.33e-06,9.335e-06,0.0,0.0
00:00:00+00:00,2024-01-22,9.34e-06,9.37e-06,8.85e-06,8.915e-06,0.0,0.0
00:00:00+00:00,2024-01-23,8.915e-06,9.06e-06,8.43e-06,8.83e-06,252748.686739624,1.0
00:00:00+00:00,2024-01-24,8.83e-06,8.995e-06,8.74e-06,8.9e-06,0.0,0.0
00:00:00+00:00,2024-01-25,8.89e-06,8.92e-06,8.715e-06,8.87e-06,0.0,0.0
00:00:00+00:00,2024-01-26,8.86e-06,9.13e-06,8.79e-06,9.03e-06,0.0,0.0
00:00:00+00:00,2024-01-27,9.05e-06,9.215e-06,8.97e-06,9.125e-06,0.0,0.0
00:00:00+00:00,2024-01-28,9.12e-06,9.25e-06,8.91e-06,9.015e-06,0.0,0.0
00:00:00+00:00,2024-01-29,9.01e-06,9.28e-06,8.92e-06,9.205e-06,0.0,0.0
00:00:00+00:00,2024-01-30,9.2e-06,9.46e-06,9.01e-06,9.04e-06,0.0,0.0
00:00:00+00:00,2024-01-31,9.04e-06,9.13e-06,8.845e-06,8.94e-06,0.0,0.0
00:00:00+00:00,2024-02-01,8.95e-06,9.05e-06,8.78e-06,9.02e-06,255269.854889852,1.0
00:00:00+00:00,2024-02-02,9.025e-06,9.1e-06,8.92e-06,9.065e-06,0.0,0.0
00:00:00+00:00,2024-02-03,9.08e-06,9.16e-06,9.01e-06,9.1e-06,0.0,0.0
00:00:00+00:00,2024-02-04,9.1e-06,9.135e-06,8.85e-06,8.89e-06,0.0,0.0
00:00:00+00:00,2024-02-05,8.89e-06,9.035e-06,8.78e-06,8.89e-06,257816.171692378,1.0
00:00:00+00:00,2024-02-06,8.89e-06,8.94e-06,8.81e-06,8.86e-06,0.0,0.0
00:00:00+00:00,2024-02-07,8.86e-06,9.09e-06,8.795e-06,9.06e-06,0.0,0.0
00:00:00+00:00,2024-02-08,9.06e-06,9.37e-06,9.04e-06,9.21e-06,0.0,0.0
00:00:00+00:00,2024-02-09,9.21e-06,9.46e-06,9.21e-06,9.385e-06,0.0,0.0
00:00:00+00:00,2024-02-10,9.405e-06,9.51e-06,9.24e-06,9.42e-06,0.0,0.0
00:00:00+00:00,2024-02-11,9.415e-06,9.62e-06,9.345e-06,9.405e-06,260387.88800501,1.0
00:00:00+00:00,2024-02-12,9.415e-06,9.67e-06,9.215e-06,9.615e-06,0.0,0.0
00:00:00+00:00,2024-02-13,9.615e-06,9.745e-06,9.29e-06,9.47e-06,0.0,0.0
00:00:00+00:00,2024-02-14,9.47e-06,9.84e-06,9.4e-06,9.75e-06,0.0,0.0
00:00:00+00:00,2024-02-15,9.755e-06,1.005e-05,9.67e-06,9.87e-06,0.0,0.0
00:00:00+00:00,2024-02-16,9.875e-06,1.004e-05,9.65e-06,9.88e-06,0.0,0.0
00:00:00+00:00,2024-02-17,9.88e-06,9.9e-06,9.42e-06,9.63e-06,796851.772582382,3.0
00:00:00+00:00,2024-02-18,9.63e-06,9.845e-06,9.59e-06,9.74e-06,544570.272428591,2.0
00:00:00+00:00,2024-02-19,9.745e-06,9.955e-06,9.69e-06,9.895e-06,0.0,0.0
00:00:00+00:00,2024-02-20,9.9e-06,9.97e-06,9.38e-06,9.77e-06,0.0,0.0
00:00:00+00:00,2024-02-21,9.765e-06,9.78e-06,9.305e-06,9.555e-06,0.0,0.0
00:00:00+00:00,2024-02-22,9.555e-06,9.71e-06,9.39e-06,9.53e-06,276365.942086844,1.0
00:00:00+00:00,2024-02-23,9.52e-06,9.6e-06,9.345e-06,9.505e-06,845748.59652867,3.0
00:00:00+00:00,2024-02-24,9.525e-06,9.67e-06,9.34e-06,9.65e-06,787059.849255694,3.0
00:00:00+00:00,2024-02-25,9.64e-06,9.73e-06,9.57e-06,9.66e-06,0.0,0.0
00:00:00+00:00,2024-02-26,9.66e-06,1.0235e-05,9.46e-06,1.0085e-05,1429089.463034063,7.0
00:00:00+00:00,2024-02-27,1.0075e-05,1.143e-05,9.95e-06,1.0895e-05,3335144.897021521,15.0
00:00:00+00:00,2024-02-28,1.0895e-05,1.251e-05,9.96e-06,1.172e-05,2280792.0556596927,9.0
00:00:00+00:00,2024-02-29,1.1715e-05,1.4715e-05,1.1435e-05,1.256e-05,3939690.22818712,16.0
00:00:00+00:00,2024-03-01,1.257e-05,1.7245e-05,1.2435e-05,1.689e-05,3741873.142815712,17.0
00:00:00+00:00,2024-03-02,1.6875e-05,2.36e-05,1.6605e-05,2.261e-05,4193121.651700689,23.0
00:00:00+00:00,2024-03-03,2.259e-05,2.3815e-05,1.889e-05,2.252e-05,1077568.652811821,7.0
00:00:00+00:00,2024-03-04,2.252e-05,3.658e-05,2.144e-05,3.5985e-05,5309912.210986867,46.0
00:00:00+00:00,2024-03-05,3.598e-05,4.5705e-05,2.0155e-05,3.522e-05,4070599.228049217,50.0
00:00:00+00:00,2024-03-06,3.5225e-05,3.9455e-05,3.054e-05,3.3325e-05,2483842.516163616,34.0
00:00:00+00:00,2024-03-07,3.3325e-05,3.4745e-05,2.928e-05,3.1565e-05,678897.952795618,7.0
00:00:00+00:00,2024-03-08,3.1575e-05,3.8045e-05,3.0955e-05,3.5315e-05,2261849.582033039,28.0
00:00:00+00:00,2024-03-09,3.53e-05,3.7025e-05,3.392e-05,3.5045e-05,1246413.950168258,18.0
00:00:00+00:00,2024-03-10,3.508e-05,3.5515e-05,3.171e-05,3.2935e-05,1307005.233450013,18.0
00:00:00+00:00,2024-03-11,3.2925e-05,3.522e-05,3.0215e-05,3.386e-05,836687.07748473,10.0
00:00:00+00:00,2024-03-12,3.3865e-05,3.4875e-05,2.999e-05,3.225e-05,467991.084727126,5.0
00:00:00+00:00,2024-03-13,3.2245e-05,3.356e-05,3.1175e-05,3.2015e-05,485945.248110967,6.0
00:00:00+00:00,2024-03-14,3.2025e-05,3.4765e-05,3.0405e-05,3.224e-05,1165081.927487029,12.0
00:00:00+00:00,2024-03-15,3.2205e-05,3.274e-05,2.702e-05,2.989e-05,429764.300715797,4.0
00:00:00+00:00,2024-03-16,2.992e-05,3.0365e-05,2.3585e-05,2.535e-05,316048.709629358,3.0
00:00:00+00:00,2024-03-17,2.535e-05,3.0195e-05,2.423e-05,2.951e-05,329987.777674076,3.0
00:00:00+00:00,2024-03-18,2.9495e-05,2.9565e-05,2.633e-05,2.683e-05,449933.669434772,4.0
00:00:00+00:00,2024-03-19,2.682e-05,2.7375e-05,2.4115e-05,2.4875e-05,334412.618479719,3.0
00:00:00+00:00,2024-03-20,2.485e-05,2.8025e-05,2.3665e-05,2.777e-05,470658.931457951,4.0
00:00:00+00:00,2024-03-21,2.7745e-05,2.8635e-05,2.628e-05,2.719e-05,980576.053815298,8.0
00:00:00+00:00,2024-03-22,2.718e-05,2.8595e-05,2.584e-05,2.6545e-05,256789.88886561,2.0
00:00:00+00:00,2024-03-23,2.654e-05,2.8495e-05,2.6315e-05,2.711e-05,200533.00485344,2.0
00:00:00+00:00,2024-03-24,2.711e-05,2.8335e-05,2.7085e-05,2.806e-05,0.0,0.0
00:00:00+00:00,2024-03-25,2.809e-05,3.063e-05,2.7465e-05,2.8685e-05,451873.998230142,4.0
00:00:00+00:00,2024-03-26,2.8685e-05,3.181e-05,2.849e-05,3.063e-05,562513.779471781,5.0
00:00:00+00:00,2024-03-27,3.063e-05,3.186e-05,2.9175e-05,3.0165e-05,0.0,0.0
00:00:00+00:00,2024-03-28,3.015e-05,3.2815e-05,2.9815e-05,3.201e-05,424433.998820086,4.0
00:00:00+00:00,2024-03-29,3.2005e-05,3.214e-05,3.013e-05,3.0805e-05,236877.541404905,2.0
00:00:00+00:00,2024-03-30,3.081e-05,3.102e-05,2.9555e-05,2.9875e-05,186891.298269863,2.0
00:00:00+00:00,2024-03-31,2.9845e-05,3.083e-05,2.975e-05,3.0775e-05,121412.9754485,1.0
00:00:00+00:00,2024-04-01,3.0735e-05,3.0735e-05,2.7825e-05,2.867e-05,316840.926113374,3.0
00:00:00+00:00,2024-04-02,2.8645e-05,2.8645e-05,2.571e-05,2.6395e-05,125082.62124427,1.0
00:00:00+00:00,2024-04-03,2.64e-05,2.7545e-05,2.551e-05,2.6335e-05,0.0,0.0
00:00:00+00:00,2024-04-04,2.633e-05,2.8505e-05,2.5895e-05,2.7735e-05,459139.650007644,4.0
00:00:00+00:00,2024-04-05,2.7705e-05,2.775e-05,2.631e-05,2.682e-05,256421.65297362,2.0
00:00:00+00:00,2024-04-06,2.679e-05,2.7775e-05,2.671e-05,2.742e-05,73843.065562605,1.0
00:00:00+00:00,2024-04-07,2.744e-05,2.899e-05,2.738e-05,2.8175e-05,253841.680668217,2.0
00:00:00+00:00,2024-04-08,2.819e-05,2.9535e-05,2.771e-05,2.8745e-05,318698.942662834,3.0
00:00:00+00:00,2024-04-09,2.872e-05,2.951e-05,2.7205e-05,2.7465e-05,592859.907102786,6.0
00:00:00+00:00,2024-04-10,2.7465e-05,2.827e-05,2.64e-05,2.806e-05,525465.056486052,5.0
00:00:00+00:00,2024-04-11,2.8025e-05,2.816e-05,2.7215e-05,2.754e-05,321656.222572152,3.0
00:00:00+00:00,2024-04-12,2.7505e-05,2.813e-05,2.134e-05,2.4785e-05,671625.135152604,5.0
00:00:00+00:00,2024-04-13,2.4755e-05,2.4995e-05,1.834e-05,2.1145e-05,941300.9338359,8.0
00:00:00+00:00,2024-04-14,2.1125e-05,2.3e-05,2.055e-05,2.2775e-05,1597336.711239264,11.0
00:00:00+00:00,2024-04-15,2.2745e-05,2.3855e-05,2.0995e-05,2.192e-05,944949.181976235,6.0
00:00:00+00:00,2024-04-16,2.193e-05,2.289e-05,2.0805e-05,2.266e-05,207666.57907463,2.0
00:00:00+00:00,2024-04-17,2.269e-05,2.3045e-05,2.1325e-05,2.2075e-05,91303.962414679,1.0
00:00:00+00:00,2024-04-18,2.2045e-05,2.297e-05,2.14e-05,2.2775e-05,115163.969517938,1.0
00:00:00+00:00,2024-04-19,2.2775e-05,2.357e-05,2.083e-05,2.287e-05,1072197.331906953,10.0
00:00:00+00:00,2024-04-20,2.287e-05,2.671e-05,2.262e-05,2.62e-05,166564.182012745,2.0
00:00:00+00:00,2024-04-21,2.6165e-05,2.8215e-05,2.543e-05,2.628e-05,1057213.094104688,9.0
00:00:00+00:00,2024-04-22,2.6275e-05,2.767e-05,2.6145e-05,2.69e-05,74580.934795988,1.0
00:00:00+00:00,2024-04-23,2.6895e-05,2.812e-05,2.62e-05,2.684e-05,191941.247542815,2.0
00:00:00+00:00,2024-04-24,2.6845e-05,2.766e-05,2.522e-05,2.5665e-05,73872.193932439,1.0
00:00:00+00:00,2024-04-25,2.57e-05,2.655e-05,2.448e-05,2.573e-05,0.0,0.0
00:00:00+00:00,2024-04-26,2.5705e-05,2.599e-05,2.4985e-05,2.534e-05,0.0,0.0
00:00:00+00:00,2024-04-29,2.339e-05,2.435e-05,2.338e-05,2.4125e-05,313681.252602281,3.0
00:00:00+00:00,2024-04-30,2.4095e-05,2.4645e-05,2.1755e-05,2.2355e-05,90406.389888528,1.0
00:00:00+00:00,2024-05-01,2.236e-05,2.3115e-05,2.056e-05,2.2635e-05,0.0,0.0
00:00:00+00:00,2024-05-02,2.263e-05,2.33e-05,2.1495e-05,2.2795e-05,92137.04266929,1.0
00:00:00+00:00,2024-05-03,2.2795e-05,2.475e-05,2.262e-05,2.4445e-05,83699.008613684,1.0
00:00:00+00:00,2024-05-04,2.446e-05,2.6305e-05,2.431e-05,2.5065e-05,0.0,0.0
00:00:00+00:00,2024-05-05,2.506e-05,2.523e-05,2.432e-05,2.4705e-05,81668.252457976,1.0
00:00:00+00:00,2024-05-06,2.471e-05,2.5675e-05,2.382e-05,2.385e-05,0.0,0.0
00:00:00+00:00,2024-05-07,2.3875e-05,2.423e-05,2.2925e-05,2.3e-05,196631.324377273,2.0
00:00:00+00:00,2024-05-08,2.298e-05,2.326e-05,2.234e-05,2.254e-05,232321.891991612,2.0
00:00:00+00:00,2024-05-09,2.2545e-05,2.3785e-05,2.231e-05,2.349e-05,89208.38385588,1.0
00:00:00+00:00,2024-05-10,2.3465e-05,2.3605e-05,2.2135e-05,2.2405e-05,0.0,0.0
00:00:00+00:00,2024-05-11,2.2415e-05,2.2905e-05,2.2345e-05,2.2485e-05,89604.175728577,1.0
00:00:00+00:00,2024-05-12,2.249e-05,2.273e-05,2.209e-05,2.2305e-05,0.0,0.0
00:00:00+00:00,2024-05-13,2.232e-05,2.465e-05,2.156e-05,2.3345e-05,92985.465378712,1.0
00:00:00+00:00,2024-05-14,2.3345e-05,2.44e-05,2.287e-05,2.2965e-05,0.0,0.0
00:00:00+00:00,2024-05-15,2.2975e-05,2.557e-05,2.2865e-05,2.527e-05,84895.940655264,1.0
00:00:00+00:00,2024-05-16,2.5265e-05,2.586e-05,2.4165e-05,2.4555e-05,0.0,0.0
00:00:00+00:00,2024-05-17,2.4585e-05,2.531e-05,2.4205e-05,2.502e-05,81239.894309263,1.0
00:00:00+00:00,2024-05-18,2.5025e-05,2.52e-05,2.439e-05,2.477e-05,245143.40717461,3.0
00:00:00+00:00,2024-05-19,2.4755e-05,2.5075e-05,2.3615e-05,2.3855e-05,164748.287939348,2.0
00:00:00+00:00,2024-05-20,2.385e-05,2.6115e-05,2.3535e-05,2.6055e-05,167991.883730382,2.0
00:00:00+00:00,2024-05-21,2.6085e-05,2.666e-05,2.5045e-05,2.613e-05,119874.217010795,2.0
00:00:00+00:00,2024-05-22,2.61e-05,2.684e-05,2.5015e-05,2.53e-05,77498.965426432,1.0
00:00:00+00:00,2024-05-23,2.5335e-05,2.572e-05,2.34e-05,2.461e-05,78737.147880594,1.0
00:00:00+00:00,2024-05-24,2.458e-05,2.508e-05,2.362e-05,2.438e-05,83627.653960134,1.0
00:00:00+00:00,2024-05-25,2.4385e-05,2.526e-05,2.429e-05,2.507e-05,243366.92611675,3.0
00:00:00+00:00,2024-05-26,2.506e-05,2.516e-05,2.4135e-05,2.4335e-05,636537.159778404,6.0
00:00:00+00:00,2024-05-27,2.433e-05,2.62e-05,2.4315e-05,2.5515e-05,340586.063256214,4.0
00:00:00+00:00,2024-05-28,2.548e-05,2.7325e-05,2.4485e-05,2.6695e-05,241640.903234264,5.0
00:00:00+00:00,2024-05-29,2.673e-05,2.939e-05,2.65e-05,2.7535e-05,943509.989306872,8.0
00:00:00+00:00,2024-05-30,2.754e-05,2.856e-05,2.5605e-05,2.591e-05,76270.872672072,1.0
00:00:00+00:00,2024-05-31,2.5885e-05,2.633e-05,2.4855e-05,2.542e-05,190662.819144511,2.0
00:00:00+00:00,2024-06-01,2.543e-05,2.5465e-05,2.5105e-05,2.527e-05,0.0,0.0
00:00:00+00:00,2024-06-02,2.5265e-05,2.548e-05,2.4025e-05,2.4635e-05,79826.396961946,1.0
00:00:00+00:00,2024-06-03,2.46e-05,2.5395e-05,2.4275e-05,2.4455e-05,80431.047946275,1.0
00:00:00+00:00,2024-06-04,2.443e-05,2.4675e-05,2.2865e-05,2.462e-05,82601.547776574,1.0
00:00:00+00:00,2024-06-05,2.4635e-05,2.631e-05,2.4515e-05,2.5925e-05,110840.252913841,1.0
00:00:00+00:00,2024-06-06,2.592e-05,2.621e-05,2.4945e-05,2.523e-05,78160.570648049,1.0
00:00:00+00:00,2024-06-07,2.5225e-05,2.5475e-05,2.1455e-05,2.371e-05,400865.70996595,4.0
00:00:00+00:00,2024-06-08,2.3685e-05,2.4125e-05,2.3005e-05,2.3215e-05,84502.420214947,1.0
00:00:00+00:00,2024-06-09,2.3185e-05,2.367e-05,2.2975e-05,2.3495e-05,0.0,0.0
00:00:00+00:00,2024-06-10,2.3485e-05,2.3625e-05,2.27e-05,2.292e-05,86347.82244205,1.0
00:00:00+00:00,2024-06-11,2.289e-05,2.295e-05,2.105e-05,2.1645e-05,0.0,0.0
00:00:00+00:00,2024-06-12,2.1645e-05,2.3235e-05,2.1125e-05,2.2215e-05,92642.5616118,1.0
00:00:00+00:00,2024-06-13,2.219e-05,2.2205e-05,2.095e-05,2.1195e-05,0.0,0.0
00:00:00+00:00,2024-06-14,2.119e-05,2.188e-05,1.9615e-05,2.0305e-05,213407.97527588,2.0
00:00:00+00:00,2024-06-15,2.0305e-05,2.0995e-05,1.9985e-05,2.075e-05,118838.885641924,1.0
00:00:00+00:00,2024-06-16,2.0775e-05,2.1075e-05,2.0405e-05,2.094e-05,97238.612225631,1.0
00:00:00+00:00,2024-06-17,2.0955e-05,2.105e-05,1.86e-05,1.932e-05,0.0,0.0
00:00:00+00:00,2024-06-18,1.9315e-05,1.944e-05,1.698e-05,1.808e-05,232172.835355232,2.0
00:00:00+00:00,2024-06-19,1.8075e-05,1.893e-05,1.798e-05,1.812e-05,119786.327092213,1.0
00:00:00+00:00,2024-06-20,1.8105e-05,1.8995e-05,1.7795e-05,1.802e-05,122486.586092894,1.0
00:00:00+00:00,2024-06-21,1.8035e-05,1.8235e-05,1.7395e-05,1.7855e-05,237155.916330766,2.0
00:00:00+00:00,2024-06-22,1.7875e-05,1.833e-05,1.765e-05,1.7985e-05,0.0,0.0
00:00:00+00:00,2024-06-23,1.797e-05,1.822e-05,1.741e-05,1.7515e-05,0.0,0.0
00:00:00+00:00,2024-06-24,1.752e-05,1.766e-05,1.634e-05,1.7025e-05,241356.697598027,2.0
00:00:00+00:00,2024-06-25,1.702e-05,1.8235e-05,1.698e-05,1.773e-05,121635.319292713,1.0
00:00:00+00:00,2024-06-26,1.7735e-05,1.806e-05,1.71e-05,1.713e-05,559419.486893853,10.0
00:00:00+00:00,2024-06-27,1.712e-05,1.77e-05,1.6855e-05,1.756e-05,28070.175438596,1.0
00:00:00+00:00,2024-06-28,1.753e-05,1.8045e-05,1.6785e-05,1.697e-05,0.0,0.0
00:00:00+00:00,2024-06-29,1.696e-05,1.7235e-05,1.684e-05,1.688e-05,118452.072911275,1.0
00:00:00+00:00,2024-06-30,1.6895e-05,1.7405e-05,1.6605e-05,1.7245e-05,0.0,0.0
00:00:00+00:00,2024-07-01,1.724e-05,1.758e-05,1.6935e-05,1.708e-05,0.0,0.0
00:00:00+00:00,2024-07-02,1.706e-05,1.739e-05,1.694e-05,1.7235e-05,118384.000919487,1.0
00:00:00+00:00,2024-07-03,1.725e-05,1.742e-05,1.6105e-05,1.6375e-05,0.0,0.0
00:00:00+00:00,2024-07-04,1.636e-05,1.646e-05,1.4525e-05,1.4615e-05,0.0,0.0
00:00:00+00:00,2024-07-05,1.4615e-05,1.5085e-05,1.2685e-05,1.4985e-05,1940574.908158703,14.0
00:00:00+00:00,2024-07-06,1.497e-05,1.7545e-05,1.4695e-05,1.7405e-05,132000.512623349,1.0
00:00:00+00:00,2024-07-07,1.742e-05,1.742e-05,1.5385e-05,1.548e-05,0.0,0.0
00:00:00+00:00,2024-07-08,1.5505e-05,1.7085e-05,1.4735e-05,1.619e-05,0.0,0.0
00:00:00+00:00,2024-07-09,1.6165e-05,1.665e-05,1.5915e-05,1.6355e-05,0.0,0.0
00:00:00+00:00,2024-07-10,1.6355e-05,1.689e-05,1.6035e-05,1.6415e-05,0.0,0.0
00:00:00+00:00,2024-07-11,1.6395e-05,1.702e-05,1.616e-05,1.6235e-05,0.0,0.0
00:00:00+00:00,2024-07-12,1.6235e-05,1.664e-05,1.578e-05,1.6495e-05,497300.796424048,4.0
00:00:00+00:00,2024-07-13,1.6495e-05,1.739e-05,1.6435e-05,1.7115e-05,0.0,0.0
00:00:00+00:00,2024-07-14,1.713e-05,1.779e-05,1.7065e-05,1.765e-05,0.0,0.0
00:00:00+00:00,2024-07-15,1.7625e-05,1.9395e-05,1.75e-05,1.9265e-05,0.0,0.0
00:00:00+00:00,2024-07-16,1.927e-05,2.0165e-05,1.8405e-05,1.933e-05,0.0,0.0
00:00:00+00:00,2024-07-17,1.9345e-05,1.9855e-05,1.851e-05,1.861e-05,0.0,0.0
00:00:00+00:00,2024-07-18,1.8625e-05,1.897e-05,1.68e-05,1.7375e-05,0.0,0.0
00:00:00+00:00,2024-07-19,1.738e-05,1.818e-05,1.687e-05,1.7795e-05,0.0,0.0
00:00:00+00:00,2024-07-20,1.782e-05,1.847e-05,1.7505e-05,1.811e-05,0.0,0.0
00:00:00+00:00,2024-07-21,1.812e-05,1.8455e-05,1.703e-05,1.8235e-05,0.0,0.0
00:00:00+00:00,2024-07-22,1.826e-05,1.831e-05,1.743e-05,1.758e-05,0.0,0.0
00:00:00+00:00,2024-07-23,1.7555e-05,1.779e-05,1.6715e-05,1.703e-05,0.0,0.0
00:00:00+00:00,2024-07-24,1.703e-05,1.758e-05,1.661e-05,1.6785e-05,0.0,0.0
00:00:00+00:00,2024-07-25,1.6775e-05,1.687e-05,1.5815e-05,1.64e-05,0.0,0.0
00:00:00+00:00,2024-07-26,1.6375e-05,1.703e-05,1.637e-05,1.695e-05,0.0,0.0
00:00:00+00:00,2024-07-27,1.6965e-05,1.762e-05,1.671e-05,1.7015e-05,0.0,0.0
00:00:00+00:00,2024-07-28,1.7e-05,1.7165e-05,1.6635e-05,1.6815e-05,0.0,0.0
00:00:00+00:00,2024-07-29,1.68e-05,1.731e-05,1.6515e-05,1.6605e-05,0.0,0.0
00:00:00+00:00,2024-07-30,1.663e-05,1.6845e-05,1.5995e-05,1.6405e-05,0.0,0.0
00:00:00+00:00,2024-07-31,1.6405e-05,1.669e-05,1.5695e-05,1.5905e-05,0.0,0.0
00:00:00+00:00,2024-08-01,1.5905e-05,1.6035e-05,1.486e-05,1.5785e-05,0.0,0.0
00:00:00+00:00,2024-08-02,1.5785e-05,1.5875e-05,1.4575e-05,1.465e-05,0.0,0.0
00:00:00+00:00,2024-08-03,1.463e-05,1.4825e-05,1.3765e-05,1.423e-05,0.0,0.0
00:00:00+00:00,2024-08-04,1.422e-05,1.432e-05,1.2975e-05,1.3345e-05,0.0,0.0
00:00:00+00:00,2024-08-05,1.3355e-05,1.3975e-05,1.0795e-05,1.323e-05,449343.52676586,3.0
00:00:00+00:00,2024-08-06,1.324e-05,1.405e-05,1.3125e-05,1.346e-05,0.0,0.0
00:00:00+00:00,2024-08-07,1.3445e-05,1.395e-05,1.271e-05,1.2875e-05,0.0,0.0
00:00:00+00:00,2024-08-08,1.287e-05,1.4405e-05,1.2645e-05,1.431e-05,0.0,0.0
00:00:00+00:00,2024-08-09,1.431e-05,1.4325e-05,1.367e-05,1.405e-05,0.0,0.0
00:00:00+00:00,2024-08-10,1.403e-05,1.4295e-05,1.387e-05,1.41e-05,0.0,0.0
00:00:00+00:00,2024-08-11,1.41e-05,1.4675e-05,1.3275e-05,1.3385e-05,0.0,0.0
00:00:00+00:00,2024-08-12,1.34e-05,1.41e-05,1.328e-05,1.392e-05,0.0,0.0
00:00:00+00:00,2024-08-13,1.3925e-05,1.407e-05,1.3495e-05,1.3885e-05,0.0,0.0
00:00:00+00:00,2024-08-14,1.389e-05,1.404e-05,1.343e-05,1.3615e-05,0.0,0.0
00:00:00+00:00,2024-08-15,1.361e-05,1.375e-05,1.311e-05,1.326e-05,0.0,0.0
00:00:00+00:00,2024-08-16,1.326e-05,1.3485e-05,1.29e-05,1.322e-05,0.0,0.0
00:00:00+00:00,2024-08-17,1.321e-05,1.342e-05,1.315e-05,1.338e-05,0.0,0.0
00:00:00+00:00,2024-08-18,1.338e-05,1.359e-05,1.3225e-05,1.3225e-05,0.0,0.0
00:00:00+00:00,2024-08-19,1.324e-05,1.3535e-05,1.2985e-05,1.3345e-05,0.0,0.0
00:00:00+00:00,2024-08-20,1.3345e-05,1.3935e-05,1.3315e-05,1.364e-05,0.0,0.0
00:00:00+00:00,2024-08-21,1.365e-05,1.4225e-05,1.348e-05,1.41e-05,0.0,0.0
00:00:00+00:00,2024-08-22,1.413e-05,1.439e-05,1.383e-05,1.4045e-05,504170.205269658,4.0
00:00:00+00:00,2024-08-23,1.4045e-05,1.5525e-05,1.404e-05,1.5315e-05,495846.684490343,4.0
00:00:00+00:00,2024-08-24,1.5315e-05,1.6115e-05,1.5095e-05,1.564e-05,125993.883792048,1.0
00:00:00+00:00,2024-08-25,1.5625e-05,1.5655e-05,1.4695e-05,1.5125e-05,0.0,0.0
00:00:00+00:00,2024-08-26,1.5125e-05,1.526e-05,1.435e-05,1.462e-05,0.0,0.0
00:00:00+00:00,2024-08-27,1.4595e-05,1.4835e-05,1.338e-05,1.377e-05,0.0,0.0
00:00:00+00:00,2024-08-28,1.3755e-05,1.42e-05,1.341e-05,1.385e-05,588741.178324215,4.0
00:00:00+00:00,2024-08-29,1.3845e-05,1.455e-05,1.3825e-05,1.408e-05,0.0,0.0
00:00:00+00:00,2024-08-30,1.407e-05,1.423e-05,1.364e-05,1.4e-05,0.0,0.0
00:00:00+00:00,2024-08-31,1.4e-05,1.4095e-05,1.372e-05,1.3835e-05,0.0,0.0
00:00:00+00:00,2024-09-01,1.383e-05,1.3865e-05,1.305e-05,1.3155e-05,0.0,0.0
00:00:00+00:00,2024-09-02,1.314e-05,1.3715e-05,1.31e-05,1.366e-05,0.0,0.0
00:00:00+00:00,2024-09-03,1.366e-05,1.385e-05,1.305e-05,1.308e-05,1728823.494310301,11.0
00:00:00+00:00,2024-09-04,1.308e-05,1.368e-05,1.2445e-05,1.359e-05,307050.273668691,2.0
00:00:00+00:00,2024-09-05,1.359e-05,1.363e-05,1.305e-05,1.319e-05,0.0,0.0
00:00:00+00:00,2024-09-06,1.319e-05,1.345e-05,1.231e-05,1.279e-05,0.0,0.0
00:00:00+00:00,2024-09-07,1.2785e-05,1.303e-05,1.271e-05,1.2855e-05,0.0,0.0
00:00:00+00:00,2024-09-08,1.2865e-05,1.317e-05,1.28e-05,1.307e-05,0.0,0.0
00:00:00+00:00,2024-09-09,1.3085e-05,1.375e-05,1.2965e-05,1.352e-05,0.0,0.0
00:00:00+00:00,2024-09-10,1.3535e-05,1.368e-05,1.33e-05,1.3535e-05,0.0,0.0
00:00:00+00:00,2024-09-11,1.3535e-05,1.354e-05,1.293e-05,1.3255e-05,0.0,0.0
00:00:00+00:00,2024-09-12,1.3265e-05,1.353e-05,1.319e-05,1.3515e-05,0.0,0.0
00:00:00+00:00,2024-09-13,1.351e-05,1.411e-05,1.3385e-05,1.3975e-05,298658.973631385,2.0
00:00:00+00:00,2024-09-14,1.3975e-05,1.406e-05,1.36e-05,1.3735e-05,0.0,0.0
00:00:00+00:00,2024-09-15,1.373e-05,1.387e-05,1.3285e-05,1.3395e-05,0.0,0.0
00:00:00+00:00,2024-09-16,1.338e-05,1.3455e-05,1.3e-05,1.317e-05,0.0,0.0
00:00:00+00:00,2024-09-17,1.3165e-05,1.357e-05,1.303e-05,1.3305e-05,0.0,0.0
00:00:00+00:00,2024-09-18,1.3305e-05,1.37e-05,1.296e-05,1.369e-05,0.0,0.0
00:00:00+00:00,2024-09-19,1.3705e-05,1.457e-05,1.3705e-05,1.4095e-05,0.0,0.0
00:00:00+00:00,2024-09-20,1.41e-05,1.4505e-05,1.388e-05,1.437e-05,0.0,0.0
00:00:00+00:00,2024-09-21,1.4385e-05,1.5045e-05,1.412e-05,1.5e-05,0.0,0.0
00:00:00+00:00,2024-09-22,1.499e-05,1.507e-05,1.4155e-05,1.4535e-05,0.0,0.0
00:00:00+00:00,2024-09-23,1.453e-05,1.486e-05,1.421e-05,1.448e-05,0.0,0.0
00:00:00+00:00,2024-09-24,1.4485e-05,1.4915e-05,1.428e-05,1.4835e-05,0.0,0.0
00:00:00+00:00,2024-09-25,1.4825e-05,1.5755e-05,1.472e-05,1.5245e-05,0.0,0.0
00:00:00+00:00,2024-09-26,1.524e-05,1.9345e-05,1.49e-05,1.861e-05,0.0,0.0
00:00:00+00:00,2024-09-27,1.861e-05,2.1675e-05,1.8555e-05,2.025e-05,1627106.177839101,16.0
00:00:00+00:00,2024-09-28,2.0275e-05,2.1455e-05,1.9045e-05,1.9635e-05,410734.036416403,4.0
00:00:00+00:00,2024-09-29,1.963e-05,2.038e-05,1.9045e-05,1.936e-05,0.0,0.0
00:00:00+00:00,2024-09-30,1.9365e-05,1.937e-05,1.744e-05,1.757e-05,226994.039040538,2.0
00:00:00+00:00,2024-10-01,1.7555e-05,1.863e-05,1.5635e-05,1.6415e-05,123449.391742074,1.0
00:00:00+00:00,2024-10-02,1.6395e-05,1.7105e-05,1.601e-05,1.627e-05,0.0,0.0
00:00:00+00:00,2024-10-03,1.6265e-05,1.6745e-05,1.548e-05,1.608e-05,0.0,0.0
00:00:00+00:00,2024-10-04,1.6065e-05,1.772e-05,1.596e-05,1.7385e-05,121226.387335961,1.0
00:00:00+00:00,2024-10-05,1.739e-05,1.793e-05,1.69e-05,1.7445e-05,0.0,0.0
00:00:00+00:00,2024-10-06,1.7425e-05,1.8835e-05,1.7115e-05,1.8115e-05,0.0,0.0
00:00:00+00:00,2024-10-07,1.812e-05,1.88e-05,1.7415e-05,1.7435e-05,0.0,0.0
00:00:00+00:00,2024-10-08,1.742e-05,1.7685e-05,1.697e-05,1.7255e-05,0.0,0.0
00:00:00+00:00,2024-10-09,1.7235e-05,1.8e-05,1.6715e-05,1.69e-05,0.0,0.0
00:00:00+00:00,2024-10-10,1.688e-05,1.721e-05,1.603e-05,1.675e-05,0.0,0.0
00:00:00+00:00,2024-10-11,1.6755e-05,1.8095e-05,1.657e-05,1.7645e-05,0.0,0.0
00:00:00+00:00,2024-10-12,1.766e-05,1.812e-05,1.762e-05,1.785e-05,0.0,0.0
00:00:00+00:00,2024-10-13,1.785e-05,1.7925e-05,1.708e-05,1.763e-05,0.0,0.0
00:00:00+00:00,2024-10-14,1.763e-05,1.8965e-05,1.7355e-05,1.8705e-05,0.0,0.0
00:00:00+00:00,2024-10-15,1.8705e-05,1.897e-05,1.7525e-05,1.823e-05,0.0,0.0
00:00:00+00:00,2024-10-16,1.823e-05,1.912e-05,1.789e-05,1.8565e-05,0.0,0.0
00:00:00+00:00,2024-10-17,1.8585e-05,1.8715e-05,1.758e-05,1.821e-05,464109.709026236,4.0
00:00:00+00:00,2024-10-18,1.8205e-05,1.9305e-05,1.8135e-05,1.8805e-05,337033.408412161,3.0
00:00:00+00:00,2024-10-19,1.8785e-05,1.953e-05,1.8655e-05,1.903e-05,0.0,0.0
00:00:00+00:00,2024-10-20,1.901e-05,1.917e-05,1.84e-05,1.903e-05,0.0,0.0
00:00:00+00:00,2024-10-21,1.9035e-05,1.932e-05,1.803e-05,1.8365e-05,109167.991520932,1.0
00:00:00+00:00,2024-10-22,1.837e-05,1.8595e-05,1.7925e-05,1.8125e-05,0.0,0.0
00:00:00+00:00,2024-10-23,1.814e-05,1.818e-05,1.7045e-05,1.7635e-05,115736.839148266,1.0
00:00:00+00:00,2024-10-24,1.764e-05,1.817e-05,1.7385e-05,1.803e-05,0.0,0.0
00:00:00+00:00,2024-10-25,1.803e-05,1.8065e-05,1.5855e-05,1.654e-05,122327.790973871,1.0
00:00:00+00:00,2024-10-26,1.652e-05,1.713e-05,1.635e-05,1.6985e-05,0.0,0.0
00:00:00+00:00,2024-10-27,1.7005e-05,1.7345e-05,1.6805e-05,1.7205e-05,122860.380509333,1.0
00:00:00+00:00,2024-10-28,1.722e-05,1.839e-05,1.6795e-05,1.821e-05,235126.038413686,2.0
00:00:00+00:00,2024-10-29,1.822e-05,1.9805e-05,1.809e-05,1.905e-05,214290.535406984,2.0
00:00:00+00:00,2024-10-30,1.906e-05,1.9325e-05,1.82e-05,1.839e-05,215645.134033397,2.0
00:00:00+00:00,2024-10-31,1.8365e-05,1.917e-05,1.7685e-05,1.787e-05,108816.227351962,1.0
00:00:00+00:00,2024-11-01,1.7865e-05,1.8175e-05,1.714e-05,1.758e-05,115341.545352743,1.0
00:00:00+00:00,2024-11-02,1.756e-05,1.793e-05,1.725e-05,1.743e-05,113849.894992815,1.0
00:00:00+00:00,2024-11-03,1.745e-05,1.746e-05,1.6185e-05,1.6865e-05,0.0,0.0
00:00:00+00:00,2024-11-04,1.687e-05,1.7245e-05,1.6385e-05,1.6845e-05,0.0,0.0
00:00:00+00:00,2024-11-05,1.684e-05,1.854e-05,1.684e-05,1.785e-05,114102.138030353,1.0
00:00:00+00:00,2024-11-06,1.786e-05,1.986e-05,1.7855e-05,1.908e-05,0.0,0.0
00:00:00+00:00,2024-11-07,1.9105e-05,1.9505e-05,1.831e-05,1.9165e-05,1089532.112562648,3.0
00:00:00+00:00,2024-11-08,1.9185e-05,1.949e-05,1.843e-05,1.9055e-05,2991251.385777067,9.0
00:00:00+00:00,2024-11-09,1.9025e-05,2.0505e-05,1.852e-05,2.0505e-05,450334.979649861,4.0
00:00:00+00:00,2024-11-10,2.0525e-05,2.8075e-05,2.0135e-05,2.609e-05,343766.726836072,4.0
00:00:00+00:00,2024-11-11,2.6085e-05,2.8935e-05,2.4435e-05,2.7925e-05,946466.801694662,9.0
00:00:00+00:00,2024-11-12,2.792e-05,3.0465e-05,2.4405e-05,2.6495e-05,783299.131596434,8.0
00:00:00+00:00,2024-11-13,2.646e-05,2.794e-05,2.337e-05,2.5835e-05,286503.960503154,3.0
00:00:00+00:00,2024-11-14,2.5875e-05,2.678e-05,2.2835e-05,2.3405e-05,159182.304354372,2.0
00:00:00+00:00,2024-11-15,2.341e-05,2.607e-05,2.2605e-05,2.5545e-05,81471.22800079,1.0
00:00:00+00:00,2024-11-16,2.5545e-05,2.6205e-05,2.4015e-05,2.4605e-05,187400.722487636,2.0
00:00:00+00:00,2024-11-17,2.4595e-05,2.5705e-05,2.327e-05,2.4755e-05,195160.360583976,2.0
00:00:00+00:00,2024-11-18,2.479e-05,2.583e-05,2.405e-05,2.486e-05,0.0,0.0
00:00:00+00:00,2024-11-19,2.4865e-05,2.6155e-05,2.434e-05,2.477e-05,0.0,0.0
00:00:00+00:00,2024-11-20,2.477e-05,2.4845e-05,2.3425e-05,2.39e-05,165275.99486521,2.0
00:00:00+00:00,2024-11-21,2.3875e-05,2.5465e-05,2.3055e-05,2.481e-05,190847.197565575,2.0
00:00:00+00:00,2024-11-22,2.4805e-05,2.577e-05,2.4295e-05,2.544e-05,82367.053178728,1.0
00:00:00+00:00,2024-11-23,2.5435e-05,2.815e-05,2.4925e-05,2.597e-05,640233.512728416,6.0
00:00:00+00:00,2024-11-24,2.594e-05,2.817e-05,2.43e-05,2.576e-05,430768.227062577,4.0
00:00:00+00:00,2024-11-25,2.5785e-05,2.6485e-05,2.4315e-05,2.4775e-05,1991262.548880093,28.0
00:00:00+00:00,2024-11-26,2.4755e-05,2.543e-05,2.3345e-05,2.4195e-05,1373034.324758275,20.0
00:00:00+00:00,2025-01-08,2.0975e-05,2.1465e-05,2.0885e-05,2.1295e-05,0.0,0.0
00:00:00+00:00,2025-01-09,2.1285e-05,2.202e-05,2.0475e-05,2.106e-05,0.0,0.0
00:00:00+00:00,2025-01-10,2.106e-05,2.1895e-05,2.1035e-05,2.1555e-05,0.0,0.0
00:00:00+00:00,2025-01-11,2.156e-05,2.2725e-05,2.134e-05,2.2195e-05,0.0,0.0
00:00:00+00:00,2025-01-12,2.2205e-05,2.2205e-05,2.129e-05,2.1555e-05,0.0,0.0
00:00:00+00:00,2025-01-13,2.1535e-05,2.2155e-05,1.962e-05,2.12e-05,0.0,0.0
00:00:00+00:00,2025-01-14,2.1175e-05,2.196e-05,2.109e-05,2.16e-05,0.0,0.0
00:00:00+00:00,2025-01-15,2.1625e-05,2.284e-05,2.0925e-05,2.274e-05,0.0,0.0
00:00:00+00:00,2025-01-16,2.274e-05,2.282e-05,2.1695e-05,2.2005e-05,775364.895777121,8.0
00:00:00+00:00,2025-01-17,2.202e-05,2.4605e-05,2.202e-05,2.4235e-05,2958613.804106341,17.0
00:00:00+00:00,2025-01-18,2.423e-05,2.497e-05,2.234e-05,2.276e-05,0.0,0.0
00:00:00+00:00,2025-01-19,2.274e-05,2.3235e-05,1.9755e-05,2.0315e-05,0.0,0.0
00:00:00+00:00,2025-01-20,2.0315e-05,2.2035e-05,1.9635e-05,2.0305e-05,0.0,0.0
00:00:00+00:00,2025-01-21,2.03e-05,2.1315e-05,1.963e-05,2.09e-05,0.0,0.0
00:00:00+00:00,2025-01-22,2.0905e-05,2.099e-05,2.006e-05,2.0175e-05,477553.557398672,4.0
00:00:00+00:00,2025-01-23,2.015e-05,2.051e-05,1.956e-05,2.0155e-05,928136.267495732,8.0
00:00:00+00:00,2025-01-24,2.0155e-05,2.056e-05,1.95e-05,1.9955e-05,819404.247066314,9.0
00:00:00+00:00,2025-01-25,1.9955e-05,2.022e-05,1.9705e-05,1.9935e-05,130587.644399798,2.0
00:00:00+00:00,2025-01-26,1.994e-05,2.0145e-05,1.9035e-05,1.9085e-05,131180.625630676,2.0
00:00:00+00:00,2025-01-27,1.9085e-05,1.9165e-05,1.729e-05,1.897e-05,1659475.76821948,18.0
00:00:00+00:00,2025-01-28,1.8985e-05,1.9315e-05,1.7705e-05,1.796e-05,343418.411351408,4.0
00:00:00+00:00,2025-01-29,1.7945e-05,1.8815e-05,1.781e-05,1.8285e-05,0.0,0.0
00:00:00+00:00,2025-01-30,1.83e-05,1.8985e-05,1.818e-05,1.869e-05,0.0,0.0
00:00:00+00:00,2025-01-31,1.8695e-05,1.9675e-05,1.849e-05,1.888e-05,0.0,0.0
00:00:00+00:00,2025-02-01,1.8885e-05,1.9235e-05,1.7485e-05,1.7615e-05,0.0,0.0
00:00:00+00:00,2025-02-02,1.76e-05,1.795e-05,1.4725e-05,1.5515e-05,0.0,0.0
00:00:00+00:00,2025-02-03,1.552e-05,1.69e-05,1.161e-05,1.683e-05,0.0,0.0
00:00:00+00:00,2025-02-04,1.681e-05,1.6955e-05,1.5075e-05,1.5765e-05,1302930.968157198,10.0
00:00:00+00:00,2025-02-05,1.5765e-05,1.675e-05,1.55055e-05,1.5765e-05,1232643.180917448,11.0
00:00:00+00:00,2025-02-06,1.577e-05,1.616e-05,1.474e-05,1.4865e-05,1745451.830538318,14.0
00:00:00+00:00,2025-02-07,1.4865e-05,1.5725e-05,1.4625e-05,1.5115e-05,339040.68250171,4.0
00:00:00+00:00,2025-02-08,1.509e-05,1.606e-05,1.5015e-05,1.5965e-05,673306.92068505,4.0
00:00:00+00:00,2025-02-09,1.5965e-05,1.6545e-05,1.515e-05,1.568e-05,1336470.6742979488,9.0
00:00:00+00:00,2025-02-10,1.566e-05,1.612e-05,1.5285e-05,1.58e-05,0.0,0.0
00:00:00+00:00,2025-02-11,1.582e-05,1.65e-05,1.5445e-05,1.5685e-05,885859.527801704,8.0
00:00:00+00:00,2025-02-12,1.5685e-05,1.734e-05,1.548e-05,1.699e-05,0.0,0.0
00:00:00+00:00,2025-02-13,1.701e-05,1.705e-05,1.593e-05,1.6305e-05,984494.408217708,10.0
00:00:00+00:00,2025-02-14,1.631e-05,1.7195e-05,1.6185e-05,1.6725e-05,858158.15943248,8.0
00:00:00+00:00,2025-02-15,1.671e-05,1.7035e-05,1.6235e-05,1.6315e-05,0.0,0.0
00:00:00+00:00,2025-02-16,1.632e-05,1.64e-05,1.5835e-05,1.5975e-05,0.0,0.0
00:00:00+00:00,2025-02-17,1.5965e-05,1.629e-05,1.5375e-05,1.5745e-05,82908.163265306,1.0
00:00:00+00:00,2025-02-18,1.5745e-05,1.5795e-05,1.4865e-05,1.522e-05,2478083.513606179,11.0
00:00:00+00:00,2025-02-19,1.5225e-05,1.5535e-05,1.5055e-05,1.5425e-05,341441.096199609,4.0
00:00:00+00:00,2025-02-20,1.5425e-05,1.561e-05,1.5295e-05,1.5545e-05,0.0,0.0
00:00:00+00:00,2025-02-21,1.555e-05,1.5975e-05,1.484e-05,1.5065e-05,496934.314129352,4.0
00:00:00+00:00,2025-02-22,1.5065e-05,1.5785e-05,1.502e-05,1.5615e-05,0.0,0.0
00:00:00+00:00,2025-02-23,1.5615e-05,1.5775e-05,1.5325e-05,1.5455e-05,166453.265044814,2.0
00:00:00+00:00,2025-02-24,1.5455e-05,1.5555e-05,1.346e-05,1.3645e-05,3139980.14819164,24.0
00:00:00+00:00,2025-02-25,1.363e-05,1.426e-05,1.303e-05,1.4085e-05,1178629.298871119,11.0
00:00:00+00:00,2025-02-26,1.4085e-05,1.453e-05,1.3745e-05,1.44e-05,366846.730629686,4.0
00:00:00+00:00,2025-02-27,1.4415e-05,1.4835e-05,1.4185e-05,1.442e-05,0.0,0.0
00:00:00+00:00,2025-02-28,1.442e-05,1.444e-05,1.2985e-05,1.393e-05,1143029.068404702,8.0
00:00:00+00:00,2025-03-01,1.393e-05,1.414e-05,1.339e-05,1.364e-05,0.0,0.0
00:00:00+00:00,2025-03-02,1.363e-05,1.5195e-05,1.348e-05,1.5145e-05,187454.938716654,2.0
00:00:00+00:00,2025-03-03,1.516e-05,1.5195e-05,1.2691e-05,1.289e-05,1238609.102284541,7.0
00:00:00+00:00,2025-03-04,1.289e-05,1.3255e-05,1.2175e-05,1.3095e-05,623359.194744272,6.0
00:00:00+00:00,2025-03-05,1.308e-05,1.3435e-05,1.285e-05,1.338e-05,198776.758409784,2.0
00:00:00+00:00,2025-03-06,1.336e-05,1.3835e-05,1.316e-05,1.34e-05,191881.918819188,2.0
00:00:00+00:00,2025-03-07,1.34e-05,1.3755e-05,1.2765e-05,1.313e-05,525615.212828034,4.0
00:00:00+00:00,2025-03-08,1.313e-05,1.325e-05,1.2565e-05,1.266e-05,199233.716475094,2.0
00:00:00+00:00,2025-03-09,1.267e-05,1.271e-05,1.1515e-05,1.164e-05,1057358.949823783,6.0
00:00:00+00:00,2025-03-10,1.1655e-05,1.299e-05,1.1425e-05,1.1485e-05,444066.195199455,3.0
00:00:00+00:00,2025-03-11,1.15e-05,1.229e-05,1.082e-05,1.2045e-05,195744.680851063,1.0
00:00:00+00:00,2025-03-12,1.2055e-05,1.259e-05,1.1765e-05,1.2315e-05,188524.590163934,1.0
00:00:00+00:00,2025-03-13,1.233e-05,1.239e-05,1.1785e-05,1.201e-05,0.0,0.0
00:00:00+00:00,2025-03-14,1.2025e-05,1.292e-05,1.198e-05,1.277e-05,182888.040712468,1.0
00:00:00+00:00,2025-03-15,1.279e-05,1.297e-05,1.263e-05,1.2835e-05,0.0,0.0
00:00:00+00:00,2025-03-16,1.284e-05,1.382e-05,1.257e-05,1.312e-05,174931.54852449,1.0
00:00:00+00:00,2025-03-17,1.312e-05,1.36e-05,1.278e-05,1.2965e-05,0.0,0.0
00:00:00+00:00,2025-03-18,1.297e-05,1.297e-05,1.227e-05,1.254e-05,0.0,0.0
00:00:00+00:00,2025-03-19,1.255e-05,1.298e-05,1.248e-05,1.295e-05,0.0,0.0
00:00:00+00:00,2025-03-20,1.295e-05,1.304e-05,1.26e-05,1.293e-05,104948.736578671,1.0
00:00:00+00:00,2025-03-21,1.294e-05,1.308e-05,1.2455e-05,1.2505e-05,105785.661974123,1.0
00:00:00+00:00,2025-03-22,1.249e-05,1.296e-05,1.247e-05,1.279e-05,180307.306365631,1.0
00:00:00+00:00,2025-03-23,1.2805e-05,1.3105e-05,1.278e-05,1.294e-05,0.0,0.0
00:00:00+00:00,2025-03-24,1.2945e-05,1.37e-05,1.278e-05,1.354e-05,0.0,0.0
00:00:00+00:00,2025-03-25,1.354e-05,1.405e-05,1.335e-05,1.386e-05,0.0,0.0
00:00:00+00:00,2025-03-26,1.386e-05,1.567e-05,1.379e-05,1.42e-05,7843359.837357727,9.0
00:00:00+00:00,2025-03-27,1.4205e-05,1.4735e-05,1.392e-05,1.4015e-05,0.0,0.0
00:00:00+00:00,2025-03-28,1.4015e-05,1.404e-05,1.3e-05,1.323e-05,9990130.496568926,4.0
00:00:00+00:00,2025-03-29,1.322e-05,1.337e-05,1.2435e-05,1.267e-05,0.0,0.0
00:00:00+00:00,2025-03-30,1.267e-05,1.284e-05,1.228e-05,1.2445e-05,0.0,0.0
00:00:00+00:00,2025-03-31,1.2465e-05,1.258e-05,1.197e-05,1.2385e-05,0.0,0.0
00:00:00+00:00,2025-04-01,1.237e-05,1.314e-05,1.2365e-05,1.269e-05,308395.793960097,2.0
00:00:00+00:00,2025-04-02,1.268e-05,1.304e-05,1.195e-05,1.2045e-05,1373260.0351691411,4.0
00:00:00+00:00,2025-04-03,1.2045e-05,1.2445e-05,1.182e-05,1.223e-05,0.0,0.0
00:00:00+00:00,2025-04-04,1.2225e-05,1.254e-05,1.1935e-05,1.2305e-05,0.0,0.0
00:00:00+00:00,2025-04-05,1.2315e-05,1.2425e-05,1.2075e-05,1.2335e-05,0.0,0.0
00:00:00+00:00,2025-04-06,1.233e-05,1.238e-05,1.1015e-05,1.131e-05,0.0,0.0
00:00:00+00:00,2025-04-07,1.1315e-05,1.1795e-05,1.0285e-05,1.142e-05,0.0,0.0
00:00:00+00:00,2025-04-08,1.1405e-05,1.1725e-05,1.0515e-05,1.064e-05,0.0,0.0
00:00:00+00:00,2025-04-09,1.065e-05,1.214e-05,1.0285e-05,1.1935e-05,0.0,0.0
00:00:00+00:00,2025-04-10,1.1935e-05,1.2125e-05,1.1415e-05,1.1635e-05,0.0,0.0
00:00:00+00:00,2025-04-11,1.1625e-05,1.237e-05,1.1595e-05,1.2215e-05,0.0,0.0
00:00:00+00:00,2025-04-12,1.221e-05,1.267e-05,1.204e-05,1.254e-05,0.0,0.0
00:00:00+00:00,2025-04-13,1.254e-05,1.259e-05,1.194e-05,1.2055e-05,0.0,0.0
00:00:00+00:00,2025-04-14,1.2055e-05,1.2425e-05,1.1935e-05,1.2005e-05,0.0,0.0
00:00:00+00:00,2025-04-15,1.201e-05,1.2145e-05,1.1655e-05,1.1685e-05,0.0,0.0
00:00:00+00:00,2025-04-16,1.1675e-05,1.198e-05,1.1465e-05,1.183e-05,0.0,0.0
00:00:00+00:00,2025-04-17,1.1835e-05,1.2045e-05,1.1625e-05,1.1795e-05,0.0,0.0
00:00:00+00:00,2025-04-18,1.1795e-05,1.245e-05,1.167e-05,1.2295e-05,0.0,0.0
00:00:00+00:00,2025-04-19,1.2285e-05,1.242e-05,1.212e-05,1.2355e-05,0.0,0.0
00:00:00+00:00,2025-04-20,1.2355e-05,1.255e-05,1.2095e-05,1.235e-05,0.0,0.0
00:00:00+00:00,2025-04-21,1.235e-05,1.281e-05,1.221e-05,1.236e-05,0.0,0.0
00:00:00+00:00,2025-04-22,1.2365e-05,1.3795e-05,1.2175e-05,1.3585e-05,0.0,0.0
00:00:00+00:00,2025-04-23,1.357e-05,1.391e-05,1.315e-05,1.357e-05,0.0,0.0
00:00:00+00:00,2025-04-24,1.358e-05,1.3805e-05,1.291e-05,1.379e-05,0.0,0.0
00:00:00+00:00,2025-04-25,1.378e-05,1.429e-05,1.366e-05,1.417e-05,0.0,0.0
00:00:00+00:00,2025-04-26,1.4165e-05,1.5235e-05,1.406e-05,1.4145e-05,0.0,0.0
00:00:00+00:00,2025-04-27,1.4145e-05,1.4195e-05,1.343e-05,1.344e-05,0.0,0.0
00:00:00+00:00,2025-04-28,1.346e-05,1.42e-05,1.317e-05,1.3725e-05,0.0,0.0
00:00:00+00:00,2025-04-29,1.374e-05,1.393e-05,1.326e-05,1.342e-05,0.0,0.0
00:00:00+00:00,2025-04-30,1.3405e-05,1.354e-05,1.28e-05,1.323e-05,0.0,0.0
00:00:00+00:00,2025-05-01,1.3245e-05,1.375e-05,1.32e-05,1.3495e-05,0.0,0.0
00:00:00+00:00,2025-05-02,1.3495e-05,1.369e-05,1.3285e-05,1.3465e-05,0.0,0.0
00:00:00+00:00,2025-05-03,1.3465e-05,1.348e-05,1.289e-05,1.297e-05,0.0,0.0
00:00:00+00:00,2025-05-04,1.297e-05,1.3235e-05,1.2595e-05,1.2675e-05,0.0,0.0
00:00:00+00:00,2025-05-05,1.2655e-05,1.298e-05,1.2525e-05,1.2685e-05,0.0,0.0
00:00:00+00:00,2025-05-06,1.2685e-05,1.2765e-05,1.2305e-05,1.274e-05,0.0,0.0
00:00:00+00:00,2025-05-07,1.274e-05,1.294e-05,1.255e-05,1.28e-05,0.0,0.0
00:00:00+00:00,2025-05-08,1.2815e-05,1.4575e-05,1.273e-05,1.4375e-05,0.0,0.0
00:00:00+00:00,2025-05-09,1.44e-05,1.5625e-05,1.4115e-05,1.5035e-05,0.0,0.0
00:00:00+00:00,2025-05-10,1.504e-05,1.708e-05,1.4865e-05,1.708e-05,0.0,0.0
00:00:00+00:00,2025-05-11,1.706e-05,1.729e-05,1.5615e-05,1.59e-05,0.0,0.0
00:00:00+00:00,2025-05-12,1.591e-05,1.7645e-05,1.5045e-05,1.5775e-05,1.0,1.0
00:00:00+00:00,2025-05-13,1.5765e-05,1.661e-05,1.4795e-05,1.6345e-05,0.0,0.0
00:00:00+00:00,2025-05-14,1.6355e-05,1.671e-05,1.552e-05,1.5735e-05,0.0,0.0
00:00:00+00:00,2025-05-15,1.5735e-05,1.591e-05,1.4455e-05,1.482e-05,0.0,0.0
00:00:00+00:00,2025-05-16,1.482e-05,1.52e-05,1.441e-05,1.456e-05,0.0,0.0
00:00:00+00:00,2025-05-17,1.458e-05,1.462e-05,1.3985e-05,1.42e-05,0.0,0.0
00:00:00+00:00,2025-05-18,1.4205e-05,1.5355e-05,1.408e-05,1.5025e-05,0.0,0.0
00:00:00+00:00,2025-05-19,1.502e-05,1.5145e-05,1.3885e-05,1.459e-05,0.0,0.0
00:00:00+00:00,2025-05-20,1.4605e-05,1.492e-05,1.413e-05,1.46e-05,0.0,0.0
00:00:00+00:00,2025-05-21,1.462e-05,1.5175e-05,1.4285e-05,1.484e-05,0.0,0.0
00:00:00+00:00,2025-05-22,1.484e-05,1.553e-05,1.483e-05,1.552e-05,0.0,0.0
00:00:00+00:00,2025-05-23,1.5545e-05,1.6045e-05,1.4195e-05,1.4305e-05,0.0,0.0
00:00:00+00:00,2025-05-24,1.43e-05,1.459e-05,1.425e-05,1.44e-05,0.0,0.0
00:00:00+00:00,2025-05-25,1.438e-05,1.4695e-05,1.393e-05,1.45e-05,0.0,0.0
00:00:00+00:00,2025-05-26,1.4475e-05,1.4765e-05,1.4215e-05,1.44e-05,0.0,0.0
00:00:00+00:00,2025-05-27,1.4405e-05,1.4685e-05,1.4055e-05,1.447e-05,0.0,0.0
00:00:00+00:00,2025-05-28,1.4465e-05,1.455e-05,1.394e-05,1.4315e-05,0.0,0.0
00:00:00+00:00,2025-05-29,1.4335e-05,1.47e-05,1.384e-05,1.3895e-05,0.0,0.0
00:00:00+00:00,2025-05-30,1.39e-05,1.397e-05,1.2675e-05,1.276e-05,0.0,0.0
00:00:00+00:00,2025-05-31,1.276e-05,1.295e-05,1.2255e-05,1.282e-05,0.0,0.0
00:00:00+00:00,2025-06-01,1.282e-05,1.309e-05,1.258e-05,1.295e-05,0.0,0.0
00:00:00+00:00,2025-06-02,1.295e-05,1.325e-05,1.265e-05,1.319e-05,0.0,0.0
00:00:00+00:00,2025-06-03,1.3215e-05,1.345e-05,1.294e-05,1.304e-05,0.0,0.0
00:00:00+00:00,2025-06-04,1.306e-05,1.32e-05,1.27e-05,1.281e-05,0.0,0.0
00:00:00+00:00,2025-06-05,1.281e-05,1.297e-05,1.19e-05,1.202e-05,0.0,0.0
00:00:00+00:00,2025-06-06,1.2005e-05,1.284e-05,1.1955e-05,1.2435e-05,0.0,0.0
00:00:00+00:00,2025-06-07,1.2435e-05,1.289e-05,1.2355e-05,1.273e-05,0.0,0.0
00:00:00+00:00,2025-06-08,1.273e-05,1.273e-05,1.2425e-05,1.2495e-05,0.0,0.0
00:00:00+00:00,2025-06-09,1.2495e-05,1.317e-05,1.234e-05,1.311e-05,0.0,0.0
00:00:00+00:00,2025-06-10,1.313e-05,1.338e-05,1.283e-05,1.3365e-05,0.0,0.0
00:00:00+00:00,2025-06-11,1.338e-05,1.362e-05,1.285e-05,1.296e-05,0.0,0.0
00:00:00+00:00,2025-06-12,1.294e-05,1.298e-05,1.2135e-05,1.2225e-05,0.0,0.0
00:00:00+00:00,2025-06-13,1.221e-05,1.222e-05,1.1405e-05,1.2115e-05,0.0,0.0
00:00:00+00:00,2025-06-14,1.2105e-05,1.224e-05,1.188e-05,1.205e-05,0.0,0.0
00:00:00+00:00,2025-06-15,1.2045e-05,1.215e-05,1.1805e-05,1.2035e-05,0.0,0.0
00:00:00+00:00,2025-06-16,1.2035e-05,1.2325e-05,1.1845e-05,1.1865e-05,0.0,0.0
00:00:00+00:00,2025-06-17,1.186e-05,1.208e-05,1.1345e-05,1.1605e-05,0.0,0.0
00:00:00+00:00,2025-06-18,1.1615e-05,1.179e-05,1.1355e-05,1.1675e-05,0.0,0.0
00:00:00+00:00,2025-06-19,1.1685e-05,1.177e-05,1.1435e-05,1.1585e-05,0.0,0.0
00:00:00+00:00,2025-06-20,1.1585e-05,1.184e-05,1.107e-05,1.131e-05,0.0,0.0
00:00:00+00:00,2025-06-21,1.1305e-05,1.1425e-05,1.0575e-05,1.0895e-05,0.0,0.0
00:00:00+00:00,2025-06-22,1.091e-05,1.1055e-05,1.005e-05,1.06e-05,0.0,0.0
00:00:00+00:00,2025-06-23,1.0595e-05,1.167e-05,1.0575e-05,1.1565e-05,0.0,0.0
00:00:00+00:00,2025-06-24,1.1585e-05,1.1925e-05,1.152e-05,1.1705e-05,0.0,0.0
00:00:00+00:00,2025-06-25,1.172e-05,1.1785e-05,1.1495e-05,1.1625e-05,0.0,0.0
00:00:00+00:00,2025-06-26,1.1625e-05,1.1805e-05,1.1165e-05,1.1205e-05,0.0,0.0
00:00:00+00:00,2025-06-27,1.1205e-05,1.1415e-05,1.1055e-05,1.132e-05,0.0,0.0
00:00:00+00:00,2025-06-28,1.1335e-05,1.163e-05,1.129e-05,1.1555e-05,0.0,0.0
00:00:00+00:00,2025-06-29,1.1565e-05,1.199e-05,1.1455e-05,1.1875e-05,0.0,0.0
00:00:00+00:00,2025-06-30,1.1875e-05,1.1935e-05,1.1265e-05,1.1425e-05,0.0,0.0
00:00:00+00:00,2025-07-01,1.1425e-05,1.1515e-05,1.1085e-05,1.119e-05,0.0,0.0
00:00:00+00:00,2025-07-02,1.1205e-05,1.2e-05,1.114e-05,1.1795e-05,0.0,0.0
00:00:00+00:00,2025-07-03,1.18e-05,1.2145e-05,1.1725e-05,1.1895e-05,0.0,0.0
00:00:00+00:00,2025-07-04,1.19e-05,1.2e-05,1.1215e-05,1.1445e-05,0.0,0.0
00:00:00+00:00,2025-07-05,1.1445e-05,1.159e-05,1.1345e-05,1.1465e-05,0.0,0.0
00:00:00+00:00,2025-07-06,1.1465e-05,1.197e-05,1.1375e-05,1.182e-05,0.0,0.0
00:00:00+00:00,2025-07-07,1.1835e-05,1.1945e-05,1.1455e-05,1.1625e-05,0.0,0.0
00:00:00+00:00,2025-07-08,1.1625e-05,1.197e-05,1.154e-05,1.1865e-05,0.0,0.0
00:00:00+00:00,2025-07-09,1.1855e-05,1.255e-05,1.177e-05,1.239e-05,0.0,0.0
00:00:00+00:00,2025-07-10,1.2395e-05,1.343e-05,1.23e-05,1.334e-05,0.0,0.0
00:00:00+00:00,2025-07-11,1.336e-05,1.387e-05,1.306e-05,1.329e-05,0.0,0.0
00:00:00+00:00,2025-07-12,1.331e-05,1.3545e-05,1.283e-05,1.319e-05,0.0,0.0
00:00:00+00:00,2025-07-13,1.321e-05,1.35e-05,1.309e-05,1.331e-05,0.0,0.0
00:00:00+00:00,2025-07-14,1.3315e-05,1.415e-05,1.312e-05,1.3255e-05,0.0,0.0
00:00:00+00:00,2025-07-15,1.3245e-05,1.3815e-05,1.275e-05,1.3735e-05,0.0,0.0
00:00:00+00:00,2025-07-16,1.375e-05,1.484e-05,1.346e-05,1.437e-05,0.0,0.0
00:00:00+00:00,2025-07-17,1.438e-05,1.4735e-05,1.3895e-05,1.4475e-05,0.0,0.0
00:00:00+00:00,2025-07-18,1.448e-05,1.5785e-05,1.424e-05,1.468e-05,0.0,0.0
00:00:00+00:00,2025-07-19,1.4665e-05,1.5365e-05,1.4325e-05,1.4905e-05,0.0,0.0
00:00:00+00:00,2025-07-20,1.4915e-05,1.584e-05,1.48e-05,1.552e-05,0.0,0.0
00:00:00+00:00,2025-07-21,1.553e-05,1.5985e-05,1.5095e-05,1.548e-05,0.0,0.0
00:00:00+00:00,2025-07-22,1.5485e-05,1.567e-05,1.474e-05,1.5465e-05,0.0,0.0
00:00:00+00:00,2025-07-23,1.545e-05,1.5455e-05,1.3415e-05,1.386e-05,0.0,0.0
00:00:00+00:00,2025-07-24,1.3855e-05,1.406e-05,1.2985e-05,1.362e-05,0.0,0.0
00:00:00+00:00,2025-07-25,1.363e-05,1.411e-05,1.311e-05,1.4085e-05,0.0,0.0
00:00:00+00:00,2025-07-26,1.408e-05,1.4205e-05,1.391e-05,1.397e-05,0.0,0.0
00:00:00+00:00,2025-07-27,1.398e-05,1.4275e-05,1.39e-05,1.417e-05,0.0,0.0
00:00:00+00:00,2025-07-28,1.4165e-05,1.438e-05,1.3265e-05,1.335e-05,0.0,0.0
00:00:00+00:00,2025-07-29,1.3355e-05,1.367e-05,1.29e-05,1.312e-05,0.0,0.0
00:00:00+00:00,2025-07-30,1.311e-05,1.318e-05,1.2245e-05,1.286e-05,0.0,0.0
00:00:00+00:00,2025-07-31,1.287e-05,1.317e-05,1.2385e-05,1.2445e-05,0.0,0.0
00:00:00+00:00,2025-08-01,1.245e-05,1.251e-05,1.1735e-05,1.206e-05,0.0,0.0
00:00:00+00:00,2025-08-02,1.2065e-05,1.2255e-05,1.1605e-05,1.183e-05,0.0,0.0
00:00:00+00:00,2025-08-03,1.1825e-05,1.226e-05,1.1655e-05,1.2205e-05,0.0,0.0
00:00:00+00:00,2025-08-04,1.2215e-05,1.2575e-05,1.22e-05,1.252e-05,0.0,0.0
00:00:00+00:00,2025-08-05,1.253e-05,1.2585e-05,1.186e-05,1.209e-05,0.0,0.0
00:00:00+00:00,2025-08-06,1.2085e-05,1.244e-05,1.1885e-05,1.234e-05,0.0,0.0
00:00:00+00:00,2025-08-07,1.2335e-05,1.289e-05,1.2285e-05,1.288e-05,0.0,0.0
00:00:00+00:00,2025-08-08,1.289e-05,1.3325e-05,1.2705e-05,1.326e-05,0.0,0.0
00:00:00+00:00,2025-08-09,1.3265e-05,1.406e-05,1.318e-05,1.373e-05,0.0,0.0
00:00:00+00:00,2025-08-10,1.3735e-05,1.4e-05,1.326e-05,1.357e-05,0.0,0.0
00:00:00+00:00,2025-08-11,1.3565e-05,1.392e-05,1.282e-05,1.2925e-05,0.0,0.0
00:00:00+00:00,2025-08-12,1.2915e-05,1.375e-05,1.271e-05,1.354e-05,0.0,0.0
00:00:00+00:00,2025-08-13,1.353e-05,1.4025e-05,1.34e-05,1.3915e-05,0.0,0.0
00:00:00+00:00,2025-08-14,1.3925e-05,1.419e-05,1.264e-05,1.29e-05,0.0,0.0
00:00:00+00:00,2025-08-15,1.289e-05,1.316e-05,1.251e-05,1.287e-05,0.0,0.0
00:00:00+00:00,2025-08-16,1.286e-05,1.306e-05,1.279e-05,1.2995e-05,0.0,0.0
00:00:00+00:00,2025-08-17,1.3e-05,1.339e-05,1.292e-05,1.303e-05,0.0,0.0
00:00:00+00:00,2025-08-18,1.302e-05,1.304e-05,1.246e-05,1.272e-05,0.0,0.0
00:00:00+00:00,2025-08-19,1.271e-05,1.2815e-05,1.2065e-05,1.209e-05,0.0,0.0
00:00:00+00:00,2025-08-20,1.2105e-05,1.264e-05,1.2035e-05,1.2575e-05,0.0,0.0
00:00:00+00:00,2025-08-21,1.257e-05,1.272e-05,1.2265e-05,1.237e-05,0.0,0.0
00:00:00+00:00,2025-08-22,1.238e-05,1.3495e-05,1.202e-05,1.338e-05,0.0,0.0
00:00:00+00:00,2025-08-23,1.338e-05,1.3395e-05,1.293e-05,1.326e-05,0.0,0.0
00:00:00+00:00,2025-08-24,1.326e-05,1.35e-05,1.271e-05,1.297e-05,0.0,0.0
00:00:00+00:00,2025-08-25,1.296e-05,1.3135e-05,1.184e-05,1.204e-05,0.0,0.0
00:00:00+00:00,2025-08-26,1.2035e-05,1.261e-05,1.1915e-05,1.255e-05,0.0,0.0
00:00:00+00:00,2025-08-27,1.254e-05,1.264e-05,1.2375e-05,1.249e-05,0.0,0.0
00:00:00+00:00,2025-08-28,1.249e-05,1.2725e-05,1.24e-05,1.268e-05,0.0,0.0
00:00:00+00:00,2025-08-29,1.267e-05,1.272e-05,1.1985e-05,1.2205e-05,0.0,0.0
00:00:00+00:00,2025-08-30,1.219e-05,1.2475e-05,1.2025e-05,1.234e-05,0.0,0.0
00:00:00+00:00,2025-08-31,1.2345e-05,1.251e-05,1.217e-05,1.2185e-05,0.0,0.0
00:00:00+00:00,2025-09-01,1.218e-05,1.261e-05,1.1815e-05,1.211e-05,0.0,0.0
00:00:00+00:00,2025-09-02,1.212e-05,1.2485e-05,1.203e-05,1.244e-05,0.0,0.0
00:00:00+00:00,2025-09-03,1.2445e-05,1.258e-05,1.2305e-05,1.249e-05,0.0,0.0
00:00:00+00:00,2025-09-04,1.249e-05,1.253e-05,1.2015e-05,1.2115e-05,0.0,0.0
00:00:00+00:00,2025-09-05,1.2105e-05,1.247e-05,1.207e-05,1.2395e-05,0.0,0.0
00:00:00+00:00,2025-09-06,1.24e-05,1.244e-05,1.216e-05,1.228e-05,0.0,0.0
00:00:00+00:00,2025-09-07,1.2285e-05,1.251e-05,1.2265e-05,1.248e-05,0.0,0.0
00:00:00+00:00,2025-09-08,1.2475e-05,1.297e-05,1.2385e-05,1.288e-05,0.0,0.0
00:00:00+00:00,2025-09-09,1.2875e-05,1.32e-05,1.266e-05,1.288e-05,0.0,0.0
00:00:00+00:00,2025-09-10,1.289e-05,1.3175e-05,1.2755e-05,1.306e-05,0.0,0.0
00:00:00+00:00,2025-09-11,1.306e-05,1.327e-05,1.2895e-05,1.326e-05,0.0,0.0
00:00:00+00:00,2025-09-12,1.325e-05,1.392e-05,1.3195e-05,1.392e-05,0.0,0.0
00:00:00+00:00,2025-09-13,1.3925e-05,1.4845e-05,1.375e-05,1.4285e-05,0.0,0.0
00:00:00+00:00,2025-09-14,1.427e-05,1.4305e-05,1.354e-05,1.3685e-05,0.0,0.0
00:00:00+00:00,2025-09-15,1.369e-05,1.381e-05,1.292e-05,1.3075e-05,0.0,0.0
00:00:00+00:00,2025-09-16,1.307e-05,1.326e-05,1.287e-05,1.3165e-05,0.0,0.0
00:00:00+00:00,2025-09-17,1.3165e-05,1.361e-05,1.2845e-05,1.35e-05,0.0,0.0
00:00:00+00:00,2025-09-18,1.3505e-05,1.3605e-05,1.3275e-05,1.34e-05,0.0,0.0
00:00:00+00:00,2025-09-19,1.34e-05,1.3555e-05,1.279e-05,1.287e-05,0.0,0.0
00:00:00+00:00,2025-09-20,1.286e-05,1.306e-05,1.278e-05,1.293e-05,0.0,0.0
00:00:00+00:00,2025-09-21,1.292e-05,1.304e-05,1.274e-05,1.2745e-05,0.0,0.0
00:00:00+00:00,2025-09-22,1.2735e-05,1.2785e-05,1.18e-05,1.2135e-05,0.0,0.0
00:00:00+00:00,2025-09-23,1.215e-05,1.229e-05,1.1905e-05,1.2105e-05,0.0,0.0
00:00:00+00:00,2025-09-24,1.2105e-05,1.2365e-05,1.191e-05,1.214e-05,0.0,0.0
00:00:00+00:00,2025-09-25,1.214e-05,1.217e-05,1.151e-05,1.1645e-05,0.0,0.0
00:00:00+00:00,2025-09-26,1.1655e-05,1.198e-05,1.1515e-05,1.1925e-05,0.0,0.0
00:00:00+00:00,2025-09-27,1.1915e-05,1.1925e-05,1.1725e-05,1.1815e-05,0.0,0.0
00:00:00+00:00,2025-09-28,1.1815e-05,1.2035e-05,1.159e-05,1.2025e-05,0.0,0.0
00:00:00+00:00,2025-09-29,1.2015e-05,1.2055e-05,1.1725e-05,1.197e-05,0.0,0.0
00:00:00+00:00,2025-09-30,1.1965e-05,1.2005e-05,1.1555e-05,1.1825e-05,0.0,0.0
00:00:00+00:00,2025-10-01,1.1835e-05,1.24e-05,1.1755e-05,1.24e-05,0.0,0.0
00:00:00+00:00,2025-10-02,1.241e-05,1.271e-05,1.231e-05,1.2645e-05,0.0,0.0
00:00:00+00:00,2025-10-03,1.266e-05,1.288e-05,1.2345e-05,1.267e-05,0.0,0.0
00:00:00+00:00,2025-10-04,1.2665e-05,1.2745e-05,1.2245e-05,1.238e-05,0.0,0.0
00:00:00+00:00,2025-10-05,1.2375e-05,1.297e-05,1.2305e-05,1.245e-05,0.0,0.0
00:00:00+00:00,2025-10-06,1.2465e-05,1.3015e-05,1.238e-05,1.286e-05,0.0,0.0
00:00:00+00:00,2025-10-07,1.286e-05,1.291e-05,1.217e-05,1.2205e-05,0.0,0.0
00:00:00+00:00,2025-10-08,1.2195e-05,1.247e-05,1.204e-05,1.233e-05,0.0,0.0
00:00:00+00:00,2025-10-09,1.234e-05,1.234e-05,1.1725e-05,1.2015e-05,0.0,0.0
00:00:00+00:00,2025-10-10,1.202e-05,1.215e-05,6.895e-06,1.042e-05,0.0,0.0
00:00:00+00:00,2025-10-14,1.0715e-05,1.079e-05,1.053e-05,1.0745e-05,0.0,0.0
00:00:00+00:00,2025-10-15,1.0745e-05,1.0895e-05,1.019e-05,1.033e-05,0.0,0.0
00:00:00+00:00,2025-10-16,1.0325e-05,1.0525e-05,9.89e-06,1.0005e-05,0.0,0.0
00:00:00+00:00,2025-10-17,9.995e-06,1.012e-05,9.245e-06,9.76e-06,0.0,0.0
00:00:00+00:00,2025-10-18,9.76e-06,9.99e-06,9.735e-06,9.915e-06,0.0,0.0
00:00:00+00:00,2025-10-19,9.92e-06,1.019e-05,9.79e-06,1.008e-05,0.0,0.0
00:00:00+00:00,2025-10-20,1.007e-05,1.034e-05,9.93e-06,1.019e-05,0.0,0.0
00:00:00+00:00,2025-10-21,1.0185e-05,1.0555e-05,9.865e-06,1.006e-05,0.0,0.0
00:00:00+00:00,2025-10-22,1.006e-05,1.0095e-05,9.62e-06,9.86e-06,0.0,0.0
00:00:00+00:00,2025-10-23,9.87e-06,1.0205e-05,9.85e-06,1.011e-05,0.0,0.0
00:00:00+00:00,2025-10-24,1.012e-05,1.0335e-05,1.0045e-05,1.0235e-05,0.0,0.0
00:00:00+00:00,2025-10-25,1.024e-05,1.025e-05,1.009e-05,1.0205e-05,0.0,0.0
00:00:00+00:00,2025-10-26,1.02e-05,1.0685e-05,1.009e-05,1.0565e-05,0.0,0.0
00:00:00+00:00,2025-10-27,1.057e-05,1.0695e-05,1.0335e-05,1.0385e-05,0.0,0.0
00:00:00+00:00,2025-10-28,1.0375e-05,1.044e-05,9.965e-06,1.011e-05,0.0,0.0
00:00:00+00:00,2025-10-29,1.01e-05,1.0445e-05,9.965e-06,1.016e-05,0.0,0.0
00:00:00+00:00,2025-10-30,1.015e-05,1.0245e-05,9.37e-06,9.73e-06,0.0,0.0
00:00:00+00:00,2025-10-31,9.725e-06,1.0055e-05,9.7e-06,1.0025e-05,0.0,0.0
00:00:00+00:00,2025-11-01,1.003e-05,1.0255e-05,9.955e-06,1.0195e-05,0.0,0.0
00:00:00+00:00,2025-11-02,1.019e-05,1.024e-05,9.95e-06,1.0175e-05,0.0,0.0
00:00:00+00:00,2025-11-03,1.017e-05,1.019e-05,9e-06,9.185e-06,0.0,0.0
00:00:00+00:00,2025-11-04,9.18e-06,9.32e-06,8.37e-06,8.84e-06,0.0,0.0
00:00:00+00:00,2025-11-05,8.845e-06,9.225e-06,8.42e-06,9.16e-06,0.0,0.0
00:00:00+00:00,2025-11-06,9.15e-06,9.18e-06,8.785e-06,9.02e-06,0.0,0.0
00:00:00+00:00,2025-11-07,9.025e-06,1.0335e-05,9.015e-06,1.0025e-05,0.0,0.0
00:00:00+00:00,2025-11-08,1.003e-05,1.0275e-05,9.685e-06,9.95e-06,0.0,0.0
00:00:00+00:00,2025-11-09,9.96e-06,1.008e-05,9.635e-06,9.99e-06,0.0,0.0
00:00:00+00:00,2025-11-10,9.98e-06,1.022e-05,9.88e-06,1.0135e-05,0.0,0.0
00:00:00+00:00,2025-11-11,1.0145e-05,1.0265e-05,9.61e-06,9.63e-06,0.0,0.0
00:00:00+00:00,2025-11-12,9.64e-06,9.985e-06,9.44e-06,9.5e-06,0.0,0.0
00:00:00+00:00,2025-11-13,9.495e-06,9.865e-06,9.04e-06,9.29e-06,278703.086831001,1.0
00:00:00+00:00,2025-11-14,9.3e-06,9.36e-06,8.84e-06,8.98e-06,2514524.170248463,11.0
00:00:00+00:00,2025-11-15,8.97e-06,9.265e-06,8.96e-06,9.04e-06,1726444.298794931,7.0
00:00:00+00:00,2025-11-16,9.04e-06,9.23e-06,8.64e-06,8.89e-06,1005193.608256386,6.0
00:00:00+00:00,2025-11-17,8.885e-06,9.17e-06,8.45e-06,8.58e-06,1134298.4739710472,3.0
00:00:00+00:00,2025-11-18,8.57e-06,9.01e-06,8.465e-06,8.87e-06,5217095.615850516,7.0
00:00:00+00:00,2025-11-19,8.86e-06,8.9e-06,8.225e-06,8.55e-06,0.0,0.0
00:00:00+00:00,2025-11-20,8.55e-06,8.82e-06,8.115e-06,8.24e-06,0.0,0.0
00:00:00+00:00,2025-11-21,8.24e-06,8.38e-06,7.54e-06,7.835e-06,0.0,0.0
00:00:00+00:00,2025-11-22,7.84e-06,7.885e-06,7.565e-06,7.79e-06,0.0,0.0
00:00:00+00:00,2025-11-23,7.925e-06,7.985e-06,7.845e-06,7.855e-06,0.0,0.0
00:00:00+00:00,2025-11-24,7.85e-06,8.42e-06,7.785e-06,8.33e-06,0.0,0.0
00:00:00+00:00,2025-11-25,8.335e-06,8.91e-06,8.025e-06,8.795e-06,0.0,0.0
00:00:00+00:00,2025-11-26,8.5e-06,8.71e-06,8.305e-06,8.59e-06,0.0,0.0
00:00:00+00:00,2025-11-27,8.59e-06,8.85e-06,8.51e-06,8.75e-06,0.0,0.0
00:00:00+00:00,2025-11-28,8.76e-06,9.13e-06,8.61e-06,8.64e-06,445533.526397861,1.0
00:00:00+00:00,2025-11-29,8.61e-06,8.635e-06,8.415e-06,8.52e-06,0.0,0.0
00:00:00+00:00,2025-11-30,8.53e-06,8.63e-06,8.36e-06,8.37e-06,0.0,0.0
00:00:00+00:00,2025-12-01,8.365e-06,8.37e-06,7.85e-06,7.97e-06,0.0,0.0
00:00:00+00:00,2025-12-02,8.54e-06,8.58e-06,8.4e-06,8.45e-06,6082476.294981927,8.0
00:00:00+00:00,2025-12-03,8.77e-06,9.51e-06,8.71e-06,8.98e-06,462107.208872458,1.0
00:00:00+00:00,2025-12-04,8.98e-06,9.02e-06,8.55e-06,8.71e-06,0.0,0.0
00:00:00+00:00,2025-12-05,8.705e-06,8.775e-06,8.14e-06,8.3e-06,0.0,0.0
00:00:00+00:00,2025-12-06,8.31e-06,8.63e-06,8.26e-06,8.43e-06,0.0,0.0
00:00:00+00:00,2025-12-07,8.505e-06,8.58e-06,8.19e-06,8.34e-06,0.0,0.0
00:00:00+00:00,2025-12-08,8.46e-06,8.6e-06,8.41e-06,8.575e-06,0.0,0.0
00:00:00+00:00,2025-12-09,8.58e-06,9.04e-06,8.41e-06,8.72e-06,0.0,0.0
00:00:00+00:00,2025-12-10,8.725e-06,8.93e-06,8.465e-06,8.55e-06,0.0,0.0
00:00:00+00:00,2025-12-11,8.54e-06,8.61e-06,8.18e-06,8.505e-06,0.0,0.0
00:00:00+00:00,2025-12-12,8.51e-06,8.51e-06,8.06e-06,8.27e-06,9336479.037341276,10.0
00:00:00+00:00,2025-12-13,8.335e-06,8.45e-06,8.27e-06,8.36e-06,1186593.027817653,2.0
00:00:00+00:00,2025-12-14,8.055e-06,8.12e-06,7.98e-06,8.075e-06,0.0,0.0
00:00:00+00:00,2025-12-15,8.075e-06,8.34e-06,7.71e-06,7.9e-06,19945193.455740903,44.0
00:00:00+00:00,2025-12-16,7.89e-06,7.99e-06,7.71e-06,7.865e-06,0.0,0.0
00:00:00+00:00,2025-12-17,7.86e-06,8.04e-06,7.455e-06,7.515e-06,594259.833963344,3.0
00:00:00+00:00,2025-12-18,7.485e-06,7.535e-06,6.995e-06,7.035e-06,596575.390508446,4.0
00:00:00+00:00,2025-12-19,7.035e-06,7.65e-06,7e-06,7.505e-06,764615.8041576629,2.0
00:00:00+00:00,2025-12-20,7.51e-06,7.51e-06,7.395e-06,7.425e-06,0.0,0.0
00:00:00+00:00,2025-12-21,7.425e-06,7.455e-06,7.185e-06,7.28e-06,0.0,0.0
00:00:00+00:00,2025-12-22,7.275e-06,7.435e-06,7.15e-06,7.195e-06,0.0,0.0
00:00:00+00:00,2025-12-23,7.195e-06,7.27e-06,7.035e-06,7.12e-06,0.0,0.0
00:00:00+00:00,2025-12-24,7.12e-06,7.275e-06,6.975e-06,7.215e-06,0.0,0.0
00:00:00+00:00,2025-12-25,7.21e-06,7.285e-06,7.045e-06,7.065e-06,0.0,0.0
00:00:00+00:00,2025-12-26,7.055e-06,7.29e-06,7.015e-06,7.115e-06,0.0,0.0
00:00:00+00:00,2025-12-27,7.115e-06,7.405e-06,7.095e-06,7.38e-06,0.0,0.0
00:00:00+00:00,2025-12-28,7.385e-06,7.41e-06,7.255e-06,7.395e-06,0.0,0.0
00:00:00+00:00,2025-12-29,7.4e-06,7.565e-06,7.165e-06,7.185e-06,0.0,0.0
00:00:00+00:00,2025-12-30,7.18e-06,7.25e-06,7.065e-06,7.1e-06,0.0,0.0
00:00:00+00:00,2025-12-31,7.095e-06,7.135e-06,6.815e-06,6.895e-06,0.0,0.0
00:00:00+00:00,2026-01-01,6.905e-06,7.515e-06,6.885e-06,7.46e-06,144548.458149779,1.0
00:00:00+00:00,2026-01-02,7.465e-06,8.3e-06,7.335e-06,8.115e-06,0.0,0.0
00:00:00+00:00,2026-01-03,8.12e-06,8.21e-06,7.83e-06,8.08e-06,0.0,0.0
00:00:00+00:00,2026-01-04,8.08e-06,9.4e-06,8.07e-06,9.04e-06,16487612.416386515,10.0
00:00:00+00:00,2026-01-05,9.045e-06,1.008e-05,8.59e-06,9.265e-06,122336.629625853,1.0
00:00:00+00:00,2026-01-06,9.255e-06,9.62e-06,8.81e-06,9.12e-06,0.0,0.0
00:00:00+00:00,2026-01-07,9.11e-06,9.2215e-06,8.71e-06,8.78e-06,12066009.796897149,18.0
00:00:00+00:00,2026-01-08,8.77e-06,8.86e-06,8.6e-06,8.78e-06,0.0,0.0
